num_http,num_get,num_post,num_request_to_malware,other_format_inbetween,fake_format,exe_referer,exe_post,url_entropy,path_num,path_length,path_entropy,param_num,param_length,param_entropy,exe_entropy,exe_functions,exe_virustotal,dns_entropy,dns_availability,dns_email_entropy,dns_alexa,dns_blacklist,results
148,147,1,148,0,0,1,0,0.598916011,7,4.571428571,0.183444744,2,10.42857143,0.142146819,2.791497571,0,0,0.441896796,0,0.487198366,1,0,0
154,153,1,154,0,0,1,0,0.458944282,2,13.5,0.351364034,0,0,0,7.965819398,2,0,0.435522969,0,0.446558678,1,0,0
238,236,2,238,0,0,1,0,0.471799682,2,15,0.402990365,0,0,0,7.999646777,5,4,0.441896796,0,0.587933131,1,0,0
155,154,1,155,0,0,1,0,0.603512159,7,5,0.189542312,2,10.85714286,0.145475506,7.92127118,4,1,0.467619159,0,0.487198366,1,0,0
151,149,2,151,0,0,1,0,0.589137002,7,6,0.188276165,2,11.85714286,0.147729435,7.976319916,3,0,0.441896796,0,0.487198366,1,0,0
186,182,4,186,0,0,1,0,0.598992259,7,5.142857143,0.170301548,2,11,0.143917592,7.999759926,5,1,0.467619159,0,0.487198366,1,0,0
148,146,2,148,0,0,1,0,0.621966379,7,7.428571429,0.181839537,2,13.28571429,0.151733396,7.998972842,5,0,0.467619159,0,0.487198366,1,0,0
182,169,13,182,0,0,1,0,0.609033229,7,5,0.187945447,2,10.85714286,0.143557939,7.998052925,6,1,0.441896796,0,0.487198366,1,0,0
189,182,7,189,0,0,1,0,0.601409157,7,5.142857143,0.171011028,2,11,0.14585675,7.999768727,5,0,0.467619159,0,0.487198366,1,0,0
227,194,33,227,0,0,1,0,0.615324769,7,5.428571429,0.16962906,2,11.28571429,0.147695116,7.965055374,7,0,0.441896796,0,0.487198366,1,0,0
201,188,13,201,0,0,1,0,0.60936231,7,5.428571429,0.184416781,2,11.28571429,0.146720301,7.998052718,8,0,0.467619159,0,0.487198366,1,0,0
169,167,2,169,0,0,1,0,0.452706692,1,23,0.439796247,0,0,0,7.99892406,8,3,0.42076141,0,0.446558678,1,0,0
149,148,1,149,0,0,1,0,0.624490237,7,5.714285714,0.196461122,2,11.57142857,0.150674347,7.996246311,6,0,0.467619159,0,0.487198366,1,0,0
162,160,2,162,0,0,1,0,0.606201215,7,5,0.17168517,2,10.85714286,0.143252807,7.998188954,4,0,0.441896796,0,0.487198366,1,0,0
179,176,3,179,0,0,1,0,0.600718915,7,4.428571429,0.18437255,2,10.28571429,0.142549371,7.996324341,6,0,0.441896796,0,0.487198366,1,0,0
153,151,2,153,0,0,1,0,0.580207632,7,3.857142857,0.180748717,2,9.714285714,0.138151886,7.992340731,4,0,0.467619159,0,0.487198366,1,0,0
215,195,20,215,0,0,1,0,0.440618127,1,17,0.425567846,0,0,0,6.695995797,3,4,0.47543861,0,0,0,0,0
172,168,4,172,0,0,1,0,0.617494127,7,6.714285714,0.197379214,2,12.57142857,0.148564506,7.980913846,3,0,0.441896796,0,0.487198366,1,0,0
169,167,2,169,0,0,1,0,0.604481035,7,6.428571429,0.194512942,2,12.28571429,0.147075708,7.770159964,8,0,0.467619159,0,0.487198366,1,0,0
178,174,4,178,0,0,1,0,0.605189234,7,5.857142857,0.19533432,2,11.71428571,0.149490642,7.92423148,9,0,0.441896796,0,0.487198366,1,0,0
166,164,2,166,0,0,1,0,0.610881287,7,6.285714286,0.175504242,2,12.14285714,0.149048473,7.99954563,5,0,0.441896796,0,0.487198366,1,0,0
167,163,4,167,0,0,1,0,0.67630184,7,13.14285714,0.213368605,2,19,0.164234472,6.582331889,4,0,0.441896796,0,0.487198366,1,0,0
158,154,4,158,0,0,1,0,0.618952798,7,5.714285714,0.194908327,2,11.57142857,0.150758493,7.976563851,3,1,0.467619159,0,0.487198366,1,0,0
231,217,14,231,0,0,1,0,0.598481887,7,5.571428571,0.186775565,2,11.42857143,0.141953048,7.915222912,8,0,0.441896796,0,0.487198366,1,0,0
149,147,2,149,0,0,1,0,0.594297189,7,5,0.191526439,2,10.85714286,0.144300169,7.984919749,7,0,0.467619159,0,0.487198366,1,0,0
172,168,4,172,0,0,1,0,0.634133862,7,4.571428571,0.184343419,2,10.42857143,0.140525469,7.507329458,3,0,0.467619159,0,0.487198366,1,0,0
152,149,3,152,0,0,1,0,0.594116834,7,5.714285714,0.186861333,2,11.57142857,0.141889486,7.96083404,6,1,0.467619159,0,0.487198366,1,0,0
189,179,10,189,0,0,1,0,0.599284906,7,4.142857143,0.186040997,2,10,0.144032404,7.968743641,7,0,0.467619159,0,0.487198366,1,0,0
136,135,1,136,0,0,1,0,0.593857098,7,5.142857143,0.19262757,2,11,0.146377247,7.937571257,7,1,0.467619159,0,0.487198366,1,0,0
157,155,2,157,0,0,1,0,0.586450516,7,4.142857143,0.178965272,2,10,0.138922895,7.999381973,5,0,0.467619159,0,0.487198366,1,0,0
239,224,15,239,0,0,1,0,0.604661537,7,5,0.184825162,2,10.85714286,0.143026819,7.789397258,2,1,0.441896796,0,0.487198366,1,0,0
199,190,9,199,0,0,1,0,0.594512956,7,6.142857143,0.193576169,2,12,0.145842886,7.932097558,10,0,0.441896796,0,0.487198366,1,0,0
169,160,9,169,0,0,1,0,0.615329879,7,6.285714286,0.193295336,2,12.14285714,0.145664719,7.971299857,7,0,0.441896796,0,0.487198366,1,0,0
177,174,3,177,0,0,1,0,0.609687778,7,6.142857143,0.178198174,2,12,0.149523108,7.999837429,7,0,0.467619159,0,0.487198366,1,0,0
183,178,5,183,0,0,1,0,0.659300298,7,5.857142857,0.191431706,2,11.71428571,0.153017256,7.999699233,6,0,0.441896796,0,0.487198366,1,0,0
204,200,4,204,0,0,1,0,0.46060124,1,25,0.44845017,0,0,0,7.999214881,8,4,0.42076141,0,0.446558678,1,0,0
198,188,10,198,0,0,1,0,0.59547016,7,4.857142857,0.181183685,2,10.71428571,0.141023247,7.999688093,6,0,0.467619159,0,0.487198366,1,0,0
161,154,7,161,0,0,1,0,0.608493425,7,4.571428571,0.184343419,2,10.42857143,0.144073331,7.997889216,7,0,0.441896796,0,0.487198366,1,0,0
182,178,4,182,0,0,1,0,0.636124101,7,8.571428571,0.205379963,2,14.42857143,0.15924536,7.662475402,4,0,0.441896796,0,0.487198366,1,0,0
194,188,6,194,0,0,1,0,0.613059736,7,6.285714286,0.193361385,2,12.14285714,0.147733005,7.999556846,5,0,0.441896796,0,0.487198366,1,0,0
165,161,4,165,0,0,1,0,0.616815205,7,5.428571429,0.17400427,2,11.28571429,0.142456619,7.184810711,11,1,0.441896796,0,0.487198366,1,0,0
159,156,3,159,0,0,1,0,0.593398941,7,5.142857143,0.189577652,2,11,0.144278459,7.998548303,5,0,0.467619159,0,0.487198366,1,0,0
163,161,2,163,0,0,1,0,0.605356057,7,3.857142857,0.17003443,2,9.714285714,0.137259893,7.752575352,2,0,0.441896796,0,0.487198366,1,0,0
197,195,2,197,0,0,1,0,0.616242456,7,5.571428571,0.175411929,2,11.42857143,0.151017906,7.991475839,6,0,0.467619159,0,0.487198366,1,0,0
157,155,2,157,0,0,1,0,0.607464951,7,4,0.179056592,2,9.857142857,0.140910272,7.999768176,5,0,0.441896796,0,0.487198366,1,0,0
160,156,4,160,0,0,1,0,0.601975651,7,5.571428571,0.190022319,2,11.42857143,0.142620856,7.998673722,7,2,0.467619159,0,0.487198366,1,0,0
143,142,1,143,0,0,1,0,0.598307153,7,4.571428571,0.147146856,2,10.42857143,0.141055989,6.728192963,9,0,0.441896796,0,0.487198366,1,0,0
174,172,2,174,0,0,1,0,0.605820284,7,6.428571429,0.179751942,2,12.28571429,0.151501546,7.998053785,7,0,0.441896796,0,0.487198366,1,0,0
169,166,3,169,0,0,1,0,0.591694644,7,5,0.191526439,2,10.85714286,0.140641586,7.997837766,2,0,0.467619159,0,0.487198366,1,0,0
176,170,5,176,0,0,1,0,0.604689679,7,4.857142857,0.170936954,2,10.71428571,0.146973433,7.991407156,7,0,0.467619159,0,0.487198366,1,0,0
155,154,1,155,0,0,1,0,0.627948002,7,4.285714286,0.188332026,2,10.14285714,0.146002607,5.28283462,4,0,0.441896796,0,0.487198366,1,0,0
159,155,4,159,0,0,1,0,0.581591119,7,6,0.188276165,2,11.85714286,0.144608348,7.973360929,3,0,0.441896796,0,0.487198366,1,0,0
155,153,2,155,0,0,1,0,0.429840237,2,11,0.382389243,0,0,0,7.999855981,6,2,0.425498659,0,0.446558678,0,0,0
178,165,13,178,0,0,1,0,0.611008347,7,5.857142857,0.193481474,2,11.71428571,0.14892648,7.998186832,5,3,0.441896796,0,0.487198366,1,0,0
225,207,18,225,0,0,1,0,0.61759167,7,5.714285714,0.193658606,2,11.57142857,0.146493155,7.973560829,7,0,0.441896796,0,0.487198366,1,0,0
209,193,16,209,0,0,1,0,0.604700045,7,6.285714286,0.188475921,2,12.14285714,0.143927101,7.990698789,6,1,0.467619159,0,0.487198366,1,0,0
149,147,2,149,0,0,1,0,0.533072312,3,10.66666667,0.30431287,0,0,0,7.970451107,6,0,0.353477441,0,0.42409341,1,0,0
147,146,1,147,0,0,1,0,0.623664074,7,6.142857143,0.192452905,2,12,0.148248739,7.978204045,3,0,0.441896796,0,0.487198366,1,0,0
155,154,1,155,0,0,1,0,0.620850442,7,6.142857143,0.203441916,2,12,0.148804176,7.99752369,4,0,0.467619159,0,0.487198366,1,0,0
147,146,1,147,0,0,1,0,0.608949555,7,5.571428571,0.194279715,2,11.42857143,0.15015044,7.995984123,8,0,0.467619159,0,0.487198366,1,0,0
142,140,2,142,0,0,1,0,0.615463224,7,5.285714286,0.188329275,2,11.14285714,0.143565185,7.987227038,6,1,0.467619159,0,0.487198366,1,0,0
202,191,11,202,0,0,1,0,0.490931306,3,16,0.387681637,0,0,0,7.991868663,8,0,0.415795047,0,0.446558678,1,0,0
171,167,4,171,0,0,1,0,0.630669844,7,5.571428571,0.193269072,2,11.42857143,0.14899472,7.999219997,6,0,0.441896796,0,0.487198366,1,0,0
168,166,2,168,0,0,1,0,0.616319756,7,6,0.178990451,2,11.85714286,0.153635481,7.930351227,8,0,0.441896796,0,0.487198366,1,0,0
257,240,17,257,0,0,1,0,0.616066403,7,4,0.179056592,2,9.857142857,0.141186617,7.796307432,7,2,0.467619159,0,0.487198366,1,0,0
170,168,2,170,0,0,1,0,0.615467077,7,5.571428571,0.190420228,2,11.42857143,0.145933624,7.999848432,7,1,0.467619159,0,0.487198366,1,0,0
160,158,2,160,0,0,1,0,0.437674729,1,22,0.423850685,0,0,0,7.997731255,7,12,0.422347914,0,0.529243328,1,0,0
230,226,4,230,0,0,1,0,0.540607846,3,8.333333333,0.334689223,0,0,0,7.988770891,7,0,0.365241016,0,0.471694665,1,0,0
155,153,2,155,0,0,1,0,0.587282087,7,4.857142857,0.163736583,2,10.71428571,0.140409827,7.969120403,6,1,0.441896796,0,0.487198366,1,0,0
156,155,1,156,0,0,1,0,0.635575383,7,5.285714286,0.196146138,2,11.14285714,0.150608112,7.996323547,8,0,0.467619159,0,0.487198366,1,0,0
159,158,1,159,0,0,1,0,0.625780328,7,6.571428571,0.19803989,2,12.42857143,0.152497938,7.988417952,7,0,0.441896796,0,0.487198366,1,0,0
159,158,1,159,0,0,1,0,0.465241016,1,19,0.452043561,0,0,0,7.99840209,6,0,0.444426758,0,0.446558678,0,0,0
165,162,3,165,0,0,1,0,0.60253833,7,5.714285714,0.192183346,2,11.57142857,0.147840693,7.993718439,2,0,0.441896796,0,0.487198366,1,0,0
165,161,4,165,0,0,1,0,0.595033869,7,4.285714286,0.180090267,2,10.14285714,0.139470807,7.990362603,8,0,0.467619159,0,0.487198366,1,0,0
159,158,1,159,0,0,1,0,0.605196237,7,5,0.169701043,2,10.85714286,0.142374701,7.888676976,5,0,0.441896796,0,0.487198366,1,0,0
131,129,2,131,0,0,1,0,0.462230731,3,6.333333333,0.240570184,0,0,0,7.022370522,6,7,0.476707595,0,0.487198366,1,0,0
206,199,7,206,0,0,1,0,0.595039927,7,4.142857143,0.161108129,2,10,0.142159258,7.998534685,7,0,0.441896796,0,0.487198366,1,0,0
164,160,4,164,0,0,1,0,0.604364392,7,4.857142857,0.170936954,2,10.71428571,0.141065468,7.164952052,4,2,0.441896796,0,0.487198366,1,0,0
152,149,3,152,0,0,1,0,0.602909896,7,7.428571429,0.193167736,2,13.28571429,0.146165391,7.999439727,6,1,0.441896796,0,0.487198366,1,0,0
132,131,1,132,0,0,1,0,0.604150017,7,4.428571429,0.180858664,2,10.28571429,0.139823879,7.999711289,8,0,0.441896796,0,0.487198366,1,0,0
152,151,1,152,0,0,1,0,0.628539879,7,5.285714286,0.193248717,2,11.14285714,0.146064772,7.91634226,7,0,0.467619159,0,0.487198366,1,0,0
178,174,4,178,0,0,1,0,0.590579427,7,4.428571429,0.18437255,2,10.28571429,0.145046076,7.998802851,6,1,0.467619159,0,0.487198366,1,0,0
227,212,15,227,0,0,1,0,0.600133623,7,8.571428571,0.193855316,2,14.42857143,0.14585382,7.904762244,5,0,0.467619159,0,0.487198366,1,0,0
175,162,13,175,0,0,1,0,0.601828733,7,5.857142857,0.188745962,2,11.71428571,0.145575525,7.999195833,7,1,0.467619159,0,0.487198366,1,0,0
172,168,4,172,0,0,1,0,0.606722447,7,5.285714286,0.170472132,2,11.14285714,0.144248238,7.853771033,17,1,0.467619159,0,0.487198366,1,0,0
164,162,2,164,0,0,1,0,0.608601607,7,5.428571429,0.178132461,2,11.28571429,0.147972294,7.994803855,7,0,0.441896796,0,0.487198366,1,0,0
162,160,2,162,0,0,1,0,0.52699377,5,9.4,0.204050286,0,0,0,7.993965224,3,1,0.396317986,0,0.469305234,1,0,0
140,139,1,140,0,0,1,0,0.611321625,7,5.142857143,0.19333705,2,11,0.14589087,6.330132661,0,0,0.441896796,0,0.487198366,1,0,0
185,181,4,185,0,0,1,0,0.444441644,1,22,0.430925188,0,0,0,7.999228072,8,4,0.42076141,0,0.446558678,1,0,0
198,184,14,198,0,0,1,0,0.622682606,7,5,0.191526439,2,10.85714286,0.145524624,7.997722671,7,0,0.467619159,0,0.487198366,1,0,0
194,182,12,194,0,0,1,0,0.625737542,7,5.428571429,0.178774372,2,11.28571429,0.149392027,7.998583585,5,0,0.441896796,0,0.487198366,1,0,0
171,167,4,171,0,0,1,0,0.602512264,7,4.285714286,0.181800587,2,10.14285714,0.136943177,7.997990955,7,16,0.441896796,0,0.487198366,1,0,0
166,164,2,166,0,0,1,0,0.624013733,7,7.142857143,0.197830468,2,13,0.151730892,6.917330611,9,0,0.441896796,0,0.487198366,1,0,0
168,166,2,168,0,0,1,0,0.61756074,7,4.428571429,0.169066427,2,10.28571429,0.141581797,7.998325784,7,0,0.467619159,0,0.487198366,1,0,0
165,161,4,165,0,0,1,0,0.497899463,2,15.5,0.401838587,0,0,0,7.950375503,13,0,0.479754986,0,0.446558678,0,0,0
169,166,3,169,0,0,1,0,0.604893402,7,4.857142857,0.190894937,2,10.71428571,0.14274479,7.999855856,6,0,0.441896796,0,0.487198366,1,0,0
178,175,3,178,0,0,1,0,0.620824364,7,6.571428571,0.200906284,2,12.42857143,0.154416732,7.976343911,7,0,0.441896796,0,0.487198366,1,0,0
156,154,2,156,0,0,1,0,0.616053394,7,7.857142857,0.197510257,2,13.71428571,0.148539181,6.996704132,10,0,0.441896796,0,0.487198366,1,0,0
252,244,6,252,1,0,1,0,0.600555801,7,6.857142857,0.196469072,2,12.71428571,0.146365453,7.999447633,6,1,0.441896796,0,0.487198366,1,0,0
160,158,2,160,0,0,1,0,0.614035623,7,4.571428571,0.168867229,2,10.42857143,0.146144464,7.999440808,5,1,0.441896796,0,0.487198366,1,0,0
162,160,2,162,0,0,1,0,0.583951702,7,4,0.175809838,2,9.857142857,0.135755348,7.998668781,6,1,0.467619159,0,0.487198366,1,0,0
170,169,1,170,0,0,1,0,0.603308792,7,4,0.179056592,2,9.857142857,0.139765285,7.998110645,5,0,0.441896796,0,0.487198366,1,0,0
178,174,4,178,0,0,1,0,0.594866695,7,5.714285714,0.191216644,2,11.57142857,0.140490977,7.996864266,6,0,0.441896796,0,0.487198366,1,0,0
153,152,1,153,0,0,1,0,0.61311604,7,5.142857143,0.189577652,2,11,0.146884831,7.989446942,7,0,0.441896796,0,0.487198366,1,0,0
163,161,2,163,0,0,1,0,0.607794101,7,4.571428571,0.165003999,2,10.42857143,0.140459973,6.728192963,9,0,0.441896796,0,0.487198366,1,0,0
145,144,1,145,0,0,1,0,0.618548158,7,6.571428571,0.194810142,2,12.42857143,0.148833125,7.976868681,5,0,0.441896796,0,0.487198366,1,0,0
174,165,9,174,0,0,1,0,0.609209721,7,7.285714286,0.183541996,2,13.14285714,0.151594715,7.894244336,7,0,0.467619159,0,0.487198366,1,0,0
209,203,5,209,0,0,1,0,0.616549163,7,6.142857143,0.196055317,2,12,0.149582307,7.999839567,7,0,0.467619159,0,0.487198366,1,0,0
199,196,3,199,0,0,1,0,0.590485682,7,4.714285714,0.181350697,2,10.57142857,0.14424249,7.999448674,6,1,0.441896796,0,0.487198366,1,0,0
72,72,0,56,1,0,0,0,0.669938869,1,0,0,2,122,0.910452954,5.868405975,1,51,0.533921342,0,0.521058198,0,0,1
16,16,0,14,1,0,0,0,0.608563458,2,20,0.505948471,0,0,0,7.048335749,2,26,0.332653274,0,0.442110837,0,0,1
10,10,0,10,1,0,0,0,0.725981356,1,0,0,4,156,2.060286498,7.048335749,2,26,0.396890387,0,0.578388288,0,0,1
58,56,2,58,1,0,0,0,0.508348013,1,6,0.224060158,1,23,0.489358289,6.81405792,4,49,0.518786597,0,0,0,0,1
36,36,0,32,1,0,0,0,0.594748293,6,8.666666667,0.314721272,2,5.166666667,0.136079975,7.56922228,3,53,0.431852795,0,0,1,0,1
94,94,0,80,1,0,0,0,0.592432091,6,5.5,0.268029386,2,5.166666667,0.136953688,7.411403681,5,55,0.442110837,0,0.446558678,0,0,1
66,44,22,63,1,0,0,0,0.686196063,20,17.4,0.419101209,2,0.95,0.032959733,4.988766748,2,51,0.466815204,1,0,0,0,1
304,286,18,298,1,0,0,0,0.452109322,1,12,0.385620316,1,3,0.198120316,-1,-1,53,0.397604111,0,0.456719565,1,1,1
104,102,2,88,1,0,0,0,0.386974409,1,10,0.365241016,0,0,0,-1,-1,52,0.459413859,1,0,0,0,1
18,18,0,14,1,0,0,0,0.578514044,3,7.666666667,0.298499044,5,16,0.481729272,7.511052584,1,47,0.369102441,1,0,0,0,1
16,16,0,14,1,0,0,0,0.548936178,2,14.5,0.38087396,1,2.5,0.145120508,7.362686489,0,56,0.489515839,0,0.431852795,1,0,1
10,8,2,9,0,0,0,0,0.34375,1,7,0.315205069,0,0,0,7.804576216,0,53,0.49040645,0,0,0,0,1
14,12,2,13,1,0,0,0,0.721802632,1,0,0,7,225,3.60884418,7.867806447,6,49,0.460522969,0,0.446558678,0,0,1
14,12,2,13,1,0,0,0,0.734660545,1,0,0,7,233,3.597224131,7.895334629,6,49,0.404862641,0,0.446558678,0,0,1
38,34,4,35,1,0,0,0,0.591969517,1,60,0.586499137,0,0,0,7.615643086,4,54,0.398737269,0,0,0,0,1
2,2,0,2,1,0,0,0,0.3125,1,7,0.279490783,0,0,0,5.778557196,0,54,0.476260136,0,0.446558678,1,1,1
54,54,0,52,1,0,0,0,0.407603515,2,8.5,0.298229175,0,0,0,6.58170012,7,1,0.344179284,0,0,0,0,1
12,12,0,11,1,0,0,0,0.730306458,1,9,0.368462853,2,230,1.107613899,6.89474859,6,51,0.409701686,0,0,0,0,1
16,16,0,16,1,0,0,0,0.529862641,2,12,0.373569362,0,0,0,7.632049383,7,50,0.491517245,0,0,0,0,1
14,10,4,14,1,0,0,0,0.507002604,2,12,0.373569362,0,0,0,7.388810021,0,51,0.491517245,0,0,0,0,1
10,10,0,9,1,0,0,0,0.737424978,1,9,0.368462853,2,241,1.095619906,5.569353294,0,52,0.480296359,0,0,1,1,1
12,12,0,9,1,0,0,0,0.733400379,1,9,0.368462853,2,240,1.067511878,-1,-1,54,0.489515839,0,0.446558678,0,0,1
18,18,0,17,1,0,0,0,0.302422748,1,8,0.269454882,0,0,0,7.667747745,1,48,0.332653274,1,0,0,0,1
10,10,0,10,1,0,0,0,0.736433015,1,9,0.368462853,2,240,1.069354813,5.595808982,0,50,0.489515839,0,0.446558678,0,0,1
12,12,0,12,1,0,0,0,0.731165289,1,9,0.368462853,2,242,1.064067862,-1,-1,51,0.422702514,0,0.46875,0,0,1
22,10,12,22,1,0,0,0,0.516707595,2,11.5,0.418494334,0,0,0,7.349009429,5,55,0.425727772,0,0,0,0,1
22,18,4,16,1,0,0,0,0.737727564,1,9,0.368462853,2,239,1.104349196,7.211719096,0,56,0.438361332,1,0,0,0,1
30,18,12,22,1,0,0,0,0.34375,1,7,0.315205069,0,0,0,6.868699722,0,56,0.447227441,0,0,0,0,1
26,22,4,24,1,0,0,0,0.733989452,1,9,0.368462853,1,230,0.728734488,-1,-1,55,0.42076141,0,0,0,0,1
2,2,0,2,1,0,0,0,0.432665023,2,8,0.306119676,0,0,0,6.218425695,1,54,0.306163976,0,0.442110837,0,0,1
12,12,0,12,1,0,0,0,0.743498114,1,9,0.368462853,2,239,1.107817717,-1,-1,54,0.433919304,1,0,0,0,1
14,14,0,13,1,0,0,0,0.735256964,1,9,0.368462853,2,232,1.016509307,-1,-1,54,0.465685076,1,0,0,0,1
12,12,0,10,1,0,0,0,0.737237154,1,9,0.368462853,2,236,1.019497593,-1,-1,54,0.484142568,0,0.446558678,0,0,1
12,12,0,11,1,0,0,0,0.734047763,1,9,0.368462853,2,232,1.015225284,-1,-1,54,0.433919304,0,0,0,0,1
12,12,0,11,1,0,0,0,0.739540662,1,9,0.368462853,2,232,1.022833065,-1,-1,54,0.433919304,0,0,0,0,1
14,14,0,10,1,0,0,0,0.734626223,1,9,0.368462853,2,240,1.069189632,-1,-1,53,0.444220369,0,0.446558678,0,0,1
32,16,16,28,1,0,0,0,0.330804922,1,9,0.302422748,0,0,0,6.319069744,0,49,0.48192357,0,0,1,1,1
50,26,24,46,1,0,0,0,0.330804922,1,9,0.302422748,0,0,0,6.360206814,0,55,0.454605276,0,0,1,1,1
48,28,20,47,1,0,0,0,0.52008809,1,10,0.365241016,1,22,0.480668871,7.904404217,5,45,0.480529089,1,0,0,0,1
16,16,0,11,0,0,0,0,0.502979111,2,3.5,0.175459677,1,34,0.228162566,7.566406908,5,50,0.438361332,0,0,1,1,1
24,22,2,24,1,0,0,0,0.523737269,1,14,0.422347914,1,14,0.433464989,7.924434914,5,43,0.473117702,1,0,0,0,1
48,46,2,39,1,0,0,0,0.677590988,1,0,0,2,118,0.914117391,7.866286644,0,50,0.519061582,0,0,0,1,1
14,14,0,11,1,0,0,0,0.422340875,4,5.5,0.159152461,0,0,0,6.615270792,0,49,0.496927226,0,0,0,0,1
12,10,2,12,0,0,0,0,0.575200072,1,8,0.34375,8,70,3.003651757,7.008825178,1,55,0.426086874,1,0,0,0,1
44,44,0,37,1,0,0,0,0.46299702,2,3.5,0.175459677,1,34,0.206503511,7.723031139,5,51,0.385620316,0,0,1,1,1
52,52,0,50,1,0,0,0,0.606468921,11,6.363636364,0.269535939,2,2.454545455,0.069827984,7.27831284,2,22,0.444441644,0,0.459413859,0,0,1
20,18,2,20,1,0,0,0,0.517192161,2,7.5,0.324958251,2,4.5,0.238870508,7.600814476,5,52,0.431852795,0,0,0,0,1
70,60,2,70,1,0,0,0,0.544356522,1,11,0.386974409,1,20,0.502741016,7.883102237,2,54,0.462230735,1,0,0,0,1
72,62,2,72,1,0,0,0,0.519899923,1,11,0.386974409,1,16,0.453125,7.883102237,2,54,0.462230735,1,0,0,0,1
62,54,4,62,1,0,0,0,0.479370316,1,5,0.240241012,1,17,0.437403439,6.566400083,0,53,0.407630499,1,0,0,0,1
608,608,0,429,1,0,0,0,0.586750447,1,12,0.406453649,8,69,2.933067341,7.838981066,1,54,0.404862641,0,0,0,0,1
32,32,0,25,1,0,0,0,0.486712179,2,3.5,0.175459677,1,34,0.216485487,7.762701822,5,52,0.385620316,0,0,1,1,1
44,44,0,36,1,0,0,0,0.451777374,2,3.5,0.175459677,1,34,0.200402158,7.736421313,5,52,0.386633634,0,0,0,0,1
42,34,8,39,1,0,0,0,0.404862641,1,12,0.385620316,0,0,0,6.454300497,2,52,0.424018409,1,0,0,0,1
496,40,456,295,1,0,0,0,0.368462853,1,8,0.34375,0,0,0,6.573421739,7,54,0.415607849,0,0.473594371,0,0,1
398,384,14,362,1,0,0,0,0.523153748,1,5,0.290241016,1,22,0.484958008,6.705193442,1,50,0.425498659,1,0,0,0,1
18,18,0,17,1,0,0,0,0.640614263,1,48,0.635620316,0,0,0,7.884737607,3,56,0.437674729,0,0.446558678,0,0,1
10,10,0,7,0,0,0,0,0.626558709,1,48,0.621271943,0,0,0,6.611645417,7,54,0.452741016,0,0,0,0,1
10,2,8,8,1,0,0,0,0.340685076,1,6,0.281453649,1,1,0,7.515329443,0,53,0.43740342,0,0.429992038,0,0,1
10,10,0,9,1,0,0,0,0.733111924,1,9,0.368462853,2,239,1.037808105,7.264768768,0,51,0.418776134,0,0.473594371,0,0,1
8,8,0,8,1,0,0,0,0.562669193,6,11.16666667,0.246562521,0,0,0,5.45424514,3,55,0.490241016,0,0,0,0,1
14,14,0,14,1,0,0,0,0.536699276,3,11.66666667,0.360705993,0,0,0,5.45424514,3,55,0.446558678,0,0,0,0,1
10,10,0,10,1,0,0,0,0.552781302,5,14.4,0.2374431,0,0,0,5.992781599,1,51,0.440321428,0,0,0,0,1
12,12,0,11,1,0,0,0,0.518575016,2,18,0.397772564,0,0,0,4.859729258,6,51,0.451796187,0,0,0,0,1
12,12,0,12,1,0,0,0,0.521482624,2,16.5,0.380604317,0,0,0,4.815137436,7,21,0.451796187,0,0,0,0,1
10,10,0,10,1,0,0,0,0.741563791,1,9,0.368462853,2,239,1.047862752,5.150725904,0,46,0.484142568,0,0,0,0,1
12,12,0,12,1,0,0,0,0.534662788,6,14.16666667,0.24564049,0,0,0,7.077511797,3,48,0.447077199,0,0,0,0,1
10,10,0,10,1,0,0,0,0.732868924,1,9,0.368462853,2,235,1.038732445,5.431918076,0,49,0.477883508,0,0.446558678,0,0,1
6,6,0,6,1,0,0,0,0.735185732,1,9,0.368462853,2,241,1.093612597,5.456960003,0,54,0.498153502,0,0,1,1,1
8,8,0,8,1,0,0,0,0.733960101,1,9,0.368462853,2,239,1.038895578,5.4311131,0,49,0.473737269,0,0.446558678,0,0,1
14,14,0,14,1,0,0,0,0.302422748,1,8,0.269454882,0,0,0,7.667747745,1,48,0.332653274,1,0,0,0,1
14,14,0,14,1,0,0,0,0.302422748,1,8,0.269454882,0,0,0,7.667747745,1,48,0.332653274,1,0,0,0,1
44,18,26,40,1,0,0,0,0.526345584,1,13,0.397604111,1,18,0.446553912,7.724347483,9,51,0.412018528,1,0,0,0,1
18,18,0,12,1,0,0,0,0.385631872,1,12,0.364786982,0,0,0,5.587436647,3,47,0.398590237,0,0,0,0,1
24,24,0,23,1,0,0,0,0.385756082,2,8,0.306129285,0,0,0,7.572421645,5,49,0.404490774,0,0,1,0,1
72,68,4,63,1,0,0,0,0.516617989,1,11,0.386974409,1,13,0.404862641,7.79475745,5,51,0.449308182,1,0,0,0,1
22,22,0,22,1,0,0,0,0.396240631,1,8,0.375,0,0,0,4.378858637,0,46,0.485855276,0,0.469158719,1,0,1
22,22,0,19,0,0,0,0,0.46172668,1,0,0,1,32,0.439905943,7.39345868,0,50,0.332653274,0,0.415403936,0,0,1
42,40,2,42,1,0,0,0,0.410791649,7,3.714285714,0.195034431,0,0,0,6.927586185,1,55,0.481521086,0,0.446553912,0,0,1
44,44,0,37,1,0,0,0,0.480548062,1,0,0,1,32,0.459903661,7.346450914,0,52,0.332653274,0,0.404862641,0,0,1
12,12,0,9,1,0,0,0,0.415403936,3,4,0.130080339,0,0,0,7.087389685,8,50,0.527520947,0,0,0,0,1
26,26,0,16,1,0,0,0,0.491517245,1,8,0.3125,1,9,0.368462853,6.29533863,3,47,0.377756903,0,0.473594371,0,0,1
114,50,64,114,1,0,0,0,0.52671844,4,10.75,0.349479666,0,0,0,6.983653146,6,49,0.432665023,0,0.473594371,0,0,1
34,34,0,19,1,0,0,0,0.708413693,5,6.2,0.282837343,4,71.2,0.467814817,5.354793246,0,47,0.477741016,0,0.446558678,1,0,1
10,10,0,10,1,0,0,0,0.742548559,1,9,0.368462853,2,240,1.074286501,6.683509301,0,53,0.422697557,0,0.486707595,0,0,1
26,26,0,26,1,0,0,0,0.409701686,1,5,0.240241012,1,4,0.25,7.272785019,0,52,0.415272415,0,0.574898274,0,0,1
18,18,0,18,1,0,0,0,0.409701686,1,5,0.240241012,1,4,0.25,7.642841755,0,52,0.465775586,0,0.561547584,0,0,1
8,8,0,8,1,0,0,0,0.735425798,1,9,0.368462853,2,239,1.038683046,5.209538344,0,53,0.468541066,0,0.446558678,0,0,1
18,18,0,14,1,0,0,0,0.738316951,1,9,0.368462853,2,240,1.071505243,6.278872699,0,55,0.456719565,0,0.446558678,0,0,1
58,58,0,33,1,0,0,0,0.735702306,1,9,0.368462853,2,241,1.091236862,7.796014999,5,51,0.460522969,1,0,0,0,1
60,60,0,34,1,0,0,0,0.736485607,1,9,0.368462853,2,239,1.040899446,5.540075256,4,54,0.435585526,0,0,0,0,1
32,30,2,20,1,0,0,0,0.465201456,1,8,0.3125,1,9,0.368462853,7.155424898,0,53,0.35692357,0,0.446558678,0,0,1
10,10,0,8,1,0,0,0,0.571575401,3,15,0.354825216,5,20.33333333,0.492416184,6.10569725,0,55,0.366401102,0,0.453125,0,0,1
20,12,8,19,1,0,0,0,0.507532764,2,12.5,0.375381993,0,0,0,7.487526859,1,53,0.456719565,0,0.520429801,0,0,1
18,18,0,18,1,0,0,0,0.5058905,3,14.33333333,0.354701058,0,0,0,6.713285206,11,52,0.489515839,0,0.540402607,0,0,1
10,10,0,10,1,0,0,0,0.733132847,1,9,0.368462853,2,239,1.038829138,7.709524575,3,50,0.480513301,0,0.446558678,0,0,1
8,8,0,8,1,0,0,0,0.739656558,1,9,0.368462853,2,239,1.044959439,6.713285206,11,52,0.467030433,0,0.446558678,0,0,1
10,10,0,10,1,0,0,0,0.739596186,1,9,0.368462853,2,241,1.095007752,7.263979309,0,50,0.477741016,1,0,0,0,1
16,16,0,16,1,0,0,0,0.527308641,2,18,0.391229999,0,0,0,5.430141536,4,50,0.440241016,0,0.547729436,0,0,1
14,14,0,14,1,0,0,0,0.518796872,3,16.33333333,0.335901859,0,0,0,5.430141536,4,50,0.453125,0,0.541706396,0,0,1
14,14,0,14,1,0,0,0,0.552749339,3,23.33333333,0.37795787,0,0,0,6.675137799,10,50,0.431852795,0,0.540402607,0,0,1
20,12,8,19,1,0,0,0,0.531732914,2,18,0.425243699,0,0,0,7.487526859,1,53,0.479573965,0,0.52444516,0,0,1
16,16,0,16,1,0,0,0,0.478488724,2,10.5,0.377041585,0,0,0,5.150199414,3,50,0.447077199,0,0.538394927,0,0,1
14,10,4,13,1,0,0,0,0.520248457,3,10,0.342837171,0,0,0,6.85176342,2,54,0.4375,0,0,0,0,1
14,10,4,13,1,0,0,0,0.440205054,2,6,0.295580183,0,0,0,6.837940769,1,53,0.453125,0,0,0,0,1
14,10,4,13,1,0,0,0,0.477741016,2,9,0.366995508,0,0,0,6.837940769,1,53,0.453125,0,0,0,0,1
18,10,8,17,1,0,0,0,0.546448626,6,9.5,0.262625027,0,0,0,7.483353559,3,54,0.460442801,0,0,0,0,1
18,10,8,17,1,0,0,0,0.496271943,2,11,0.354268491,0,0,0,7.483353559,3,54,0.477883508,0,0,0,0,1
18,10,8,17,1,0,0,0,0.538891591,3,16,0.34591123,0,0,0,7.483353559,3,54,0.469158719,0,0,0,0,1
18,10,8,17,1,0,0,0,0.404490774,2,6,0.259865898,0,0,0,7.483353559,3,54,0.443304922,0,0,0,0,1
12,12,0,12,1,0,0,0,0.477741016,2,9,0.366995508,0,0,0,7.01314737,4,49,0.477883508,0,0,0,0,1
18,14,4,16,1,0,0,0,0.511027614,2,12.5,0.363805539,0,0,0,7.579194786,0,53,0.452043561,0,0,0,0,1
20,12,8,19,1,0,0,0,0.561665252,6,11.33333333,0.254854317,0,0,0,6.926632022,1,51,0.49738722,0,0,0,0,1
138,138,0,103,0,0,0,0,0.494280919,1,0,0,1,32,0.474494822,7.387083438,1,49,0.359142573,0,0,0,0,1
34,34,0,29,1,0,0,0,0.46126456,1,6,0.281453649,1,9,0.330200526,7.425705076,0,49,0.40625,0,0,0,0,1
60,58,2,54,0,0,0,0,0.46570632,2,9.5,0.350746829,0,0,0,7.208918754,1,54,0.4375,0,0,0,0,1
50,48,2,43,1,0,0,0,0.415403936,3,4,0.130080339,0,0,0,6.689469863,2,48,0.48192357,0,0,0,0,1
148,140,8,137,1,0,0,0,0.652618881,1,76,0.648541381,0,0,0,7.930246514,2,48,0.46126456,1,0,0,0,1
52,48,4,52,1,0,0,0,0.355668867,1,10,0.330804922,0,0,0,6.359074833,2,56,0.462852441,0,0.446558678,0,0,1
28,24,4,19,0,0,0,0,0.46570632,2,9.5,0.350746829,0,0,0,-1,-1,56,0.4375,0,0,0,0,1
48,44,4,48,1,0,0,0,0.5063713,1,12,0.427286982,1,17,0.319756381,7.835034083,5,47,0.537519142,1,0,0,0,1
212,204,8,185,1,0,0,0,0.68114971,1,9,0.330200526,3,108,1.324626112,6.767728262,1,51,0.415607849,0,0,0,0,1
24,22,2,22,1,0,0,0,0.660971556,1,76,0.657003958,0,0,0,-1,-1,54,0.485255639,1,0,0,0,1
86,76,10,55,1,0,0,0,0.426279104,5,4.6,0.129209188,0,0,0,5.930513315,2,48,0.461090237,0,0.446558678,0,0,1
154,144,10,90,1,0,0,0,0.413198413,6,4,0.117580339,0,0,0,6.225902183,1,49,0.462230735,0,0.446558678,0,0,1
72,70,2,71,1,0,0,0,0.476707595,3,7.333333333,0.335467129,0,0,0,6.789851466,2,51,0.485022464,0,0.455027999,0,0,1
16,16,0,15,1,0,0,0,0.710001569,1,9,0.330200526,4,121,1.75375593,7.624044996,1,53,0.415403936,0,0,0,0,1
22,20,2,17,1,0,0,0,0.40929535,5,4.4,0.115629662,0,0,0,6.542136671,1,54,0.465201456,1,0,0,0,1
26,24,2,26,1,0,0,0,0.683494768,1,76,0.679823536,0,0,0,3.62152656,3,54,0.428952942,1,0,0,0,1
114,114,0,83,1,0,0,0,0.698775118,1,9,0.330200526,3,108,1.3034221,6.826169117,2,56,0.378396143,0,0,0,0,1
96,96,0,85,1,0,0,0,0.67773879,1,9,0.330200526,3,111,1.357282028,7.049382617,0,57,0.378373342,0,0,0,0,1
96,96,0,85,1,0,0,0,0.67773879,1,9,0.330200526,3,111,1.357282028,7.049382617,0,57,0.378373342,0,0,0,0,1
28,26,2,23,1,0,0,0,0.374261005,6,4,0.090456276,0,0,0,6.719750635,4,53,0.4938993,0,0,0,0,1
60,60,0,60,0,0,0,0,0.46126456,1,16,0.447227441,0,0,0,6.7481061,14,49,0.415607849,0,0,0,0,1
164,162,2,86,0,0,0,0,0.460442801,1,17,0.446558678,0,0,0,6.830935585,2,58,0.415607849,0,0,0,0,1
36,36,0,35,1,0,0,0,0.697061702,4,7.75,0.325003877,4,31,0.431394796,6.776246862,1,56,0.452043561,0,0,0,0,1
18,10,8,17,1,0,0,0,0.55173872,2,15,0.408474306,0,0,0,6.928564911,1,53,0.506707595,0,0,0,0,1
16,10,6,15,1,0,0,0,0.520286873,2,12.5,0.36975792,0,0,0,6.901101111,0,49,0.473990576,0,0,0,0,1
18,10,8,17,1,0,0,0,0.496125205,2,10.5,0.368734229,0,0,0,6.928564911,1,53,0.501016487,0,0,0,0,1
18,10,8,17,1,0,0,0,0.55932797,3,20.66666667,0.370714504,0,0,0,6.901101111,0,49,0.513822132,0,0,0,0,1
22,22,0,22,1,0,0,0,0.413563619,1,32,0.401233543,0,0,0,6.250047042,8,56,0.359142573,0,0.442110837,0,0,1
20,20,0,20,1,0,0,0,0.42472087,1,32,0.412739464,0,0,0,6.250047042,8,56,0.359142573,1,0,0,0,1
26,26,0,24,1,0,0,0,0.483750462,1,32,0.47361372,0,0,0,6.98805417,3,55,0.359142573,1,0,0,0,1
14,6,8,14,1,0,0,0,0.588361332,1,8,0.34375,1,20,0.515241016,7.191895999,8,53,0.448022969,0,0.473594371,1,0,1
20,20,0,20,1,0,0,0,0.480891039,1,32,0.470664941,0,0,0,6.822637239,2,53,0.339911804,1,0,0,0,1
106,106,0,102,1,0,0,0,0.375,2,7,0.235729175,0,0,0,6.58170012,7,1,0.332653274,0,0,0,0,1
16,16,0,14,1,0,0,0,0.733836,1,9,0.368462853,2,230,1.088125537,7.724660764,0,50,0.455311209,0,0,0,0,1
60,60,0,57,1,0,0,0,0.407603515,2,8.5,0.298229175,0,0,0,6.58170012,7,1,0.344179284,0,0,0,0,1
12,12,0,11,1,0,0,0,0.732670594,1,9,0.368462853,2,229,1.08723416,7.783204503,3,54,0.48192357,0,0,0,0,1
26,26,0,24,1,0,0,0,0.485607374,1,32,0.475528661,0,0,0,6.672448097,6,55,0.351884043,0,0,0,0,1
22,14,8,21,1,0,0,0,0.530543839,5,9.6,0.246002082,0,0,0,7.121068305,1,55,0.466519868,0,0,0,0,1
60,60,0,56,1,0,0,0,0.407603515,2,8.5,0.298229175,0,0,0,6.58170012,7,1,0.344179284,0,0,0,0,1
18,16,2,16,1,0,0,0,0.730638682,1,9,0.368462853,2,229,1.055269276,6.877403012,6,49,0.485855276,0,0,0,0,1
54,54,0,51,1,0,0,0,0.407603515,2,8.5,0.298229175,0,0,0,6.58170012,7,1,0.344179284,0,0,0,0,1
12,12,0,11,1,0,0,0,0.728211225,1,9,0.368462853,2,229,1.056636079,7.723356091,1,52,0.485855276,0,0,0,0,1
60,60,0,42,1,0,0,0,0.407603515,2,8.5,0.298229175,0,0,0,6.58170012,7,1,0.344179284,0,0,0,0,1
50,42,8,50,1,0,0,0,0.377756903,2,5,0.265241014,0,0,0,7.095953325,5,51,0.407991675,0,0.582128972,0,0,1
86,84,0,86,1,0,0,0,0.684233789,1,72,0.68050337,0,0,0,7.345213243,0,58,0.465685076,1,0,0,0,1
88,86,0,83,1,0,0,0,0.649080831,1,72,0.64486218,0,0,0,7.345213243,0,58,0.465685076,1,0,0,0,1
86,84,0,86,1,0,0,0,0.68765845,1,72,0.683975592,0,0,0,7.345213243,0,58,0.465685076,1,0,0,0,1
52,50,2,52,1,0,0,0,0.516412529,1,12,0.427286982,1,17,0.338066857,7.845313234,5,49,0.58523509,0,0.421694665,0,0,1
60,52,8,37,1,0,0,0,0.317076026,4,3.25,0.052671103,0,0,0,6.79389407,5,50,0.530482033,0,0,0,0,1
56,50,6,52,1,0,0,0,0.705853044,1,9,0.368462853,4,121,1.773470007,6.846300939,9,55,0.415403936,0,0,1,1,1
38,36,2,38,1,0,0,0,0.521433144,3,9.333333333,0.359553457,0,0,0,6.979111692,2,51,0.452109322,1,0,0,0,1
34,34,0,32,1,0,0,0,0.665646884,1,72,0.661658312,0,0,0,6.62377901,6,50,0.486021493,0,0,0,0,1
42,24,18,28,1,0,0,0,0.377756903,2,5,0.265241014,0,0,0,6.788883783,5,52,0.432428963,0,0,0,0,1
30,30,0,29,1,0,0,0,0.659807994,1,72,0.65573833,0,0,0,6.62377901,6,50,0.502962313,0,0.446558678,0,0,1
36,36,0,23,1,0,0,0,0.46126456,1,6,0.281453649,1,9,0.368462853,6.835956489,1,55,0.422697557,0,0.446558678,1,1,1
28,28,0,24,1,0,0,0,0.407488131,5,4.4,0.119518551,0,0,0,6.658465417,0,50,0.466519868,0,0,0,0,1
24,24,0,21,1,0,0,0,0.6726672,1,72,0.668776134,0,0,0,6.772962871,5,53,0.476884034,0,0.446558678,0,0,1
178,172,6,135,1,0,0,0,0.46126456,1,6,0.281453649,1,9,0.368462853,6.020657026,1,56,0.465685076,0,0.446558678,0,0,1
14,14,0,13,1,0,0,0,0.66912334,1,64,0.66501997,0,0,0,6.690386418,4,53,0.491965972,0,0,1,1,1
74,72,2,74,1,0,0,0,0.530027999,1,12,0.427286982,1,16,0.359375,6.941412879,1,58,0.56367314,0,0.521058198,1,0,1
6,6,0,6,1,0,0,0,0.491517245,1,8,0.34375,1,9,0.396240631,6.775736782,1,55,0.460522969,0,0,0,0,1
68,62,6,54,1,0,0,0,0.496226969,1,6,0.323120316,1,9,0.368462853,6.020657026,1,57,0.409701686,0,0,0,0,1
56,46,10,31,1,0,0,0,0.40240637,6,4,0.103507656,0,0,0,5.764625638,1,55,0.47254931,0,0.446558678,0,0,1
24,24,0,19,1,0,0,0,0.584849474,3,18,0.406197948,5,20.33333333,0.515784465,-1,-1,56,0.378373342,0,0.453125,0,0,1
16,14,0,11,1,0,0,0,0.352822476,3,4,0.090456276,0,0,0,7.746630797,4,54,0.530376285,0,0,0,0,1
46,44,2,46,1,0,0,0,0.665277187,1,64,0.66111372,0,0,0,6.106261565,3,46,0.485022464,0,0,0,0,1
8,8,0,8,1,0,0,0,0.733454381,1,9,0.368462853,2,229,1.085428129,6.385063951,5,45,0.427286982,0,0,0,0,1
8,8,0,7,1,0,0,0,0.727578419,1,9,0.368462853,2,227,1.027660948,6.385063951,5,45,0.440205054,0,0,0,0,1
18,14,4,16,1,0,0,0,0.735736896,1,9,0.368462853,2,239,1.040104812,7.069186919,5,53,0.467446539,0,0.446558678,0,0,1
20,12,8,19,1,0,0,0,0.566144182,5,16.6,0.26062011,0,0,0,7.065905963,1,57,0.458925681,0,0,0,0,1
12,12,0,11,1,0,0,0,0.732636297,1,9,0.368462853,2,230,1.088195711,7.865676757,0,52,0.409701686,0,0,0,0,1
278,190,88,157,1,0,0,0,0.481770422,2,16.5,0.236289941,0,0,0,6.766843737,0,55,0.539490747,0,0,0,0,1
22,22,0,20,1,0,0,0,0.732951699,1,9,0.368462853,2,227,1.034971782,6.73646383,2,51,0.432665023,0,0,0,0,1
12,12,0,11,1,0,0,0,0.732486248,1,9,0.368462853,2,230,1.083968689,6.696513672,8,51,0.432428963,0,0,0,0,1
18,14,4,16,1,0,0,0,0.736779799,1,9,0.368462853,2,240,1.070299637,7.049449156,3,50,0.489945427,0,0.446558678,0,0,1
22,22,0,22,1,0,0,0,0.502741016,1,9,0.340685076,1,9,0.368462853,6.618145454,2,54,0.489358289,1,0,0,0,1
12,12,0,11,1,0,0,0,0.730949753,1,9,0.368462853,2,229,1.085511458,7.649237325,3,53,0.448120316,0,0,0,0,1
12,12,0,11,1,0,0,0,0.733364816,1,9,0.368462853,2,227,1.034618662,6.55449614,6,49,0.440205054,0,0,0,0,1
62,62,0,60,1,0,0,0,0.732197163,1,9,0.368462853,2,229,1.061827171,6.555786924,5,52,0.427286982,0,0,0,0,1
12,12,0,11,1,0,0,0,0.735518548,1,9,0.368462853,2,229,1.063983911,6.868474073,5,52,0.490241016,0,0,0,0,1
12,12,0,12,1,0,0,0,0.73008987,1,9,0.368462853,2,228,1.060266369,-1,-1,51,0.431852795,0,0,0,0,1
14,14,0,14,1,0,0,0,0.729524925,1,9,0.368462853,1,224,0.724021677,6.235272387,2,51,0.479741399,0,0.446558678,0,0,1
138,138,0,104,1,0,0,0,0.738779667,1,9,0.368462853,2,228,1.06933619,6.533303426,0,50,0.452109322,0,0,0,0,1
16,14,2,16,1,0,0,0,0.733269109,1,9,0.368462853,2,228,1.065416079,6.072624664,1,53,0.466815204,0,0,0,0,1
10,10,0,10,1,0,0,0,0.72975966,1,9,0.368462853,1,224,0.723157259,6.245525475,2,55,0.495627282,1,0,0,0,1
20,16,4,19,1,0,0,0,0.737760075,1,9,0.368462853,2,235,1.042766708,6.783469469,2,50,0.423850685,0,0.446558678,0,0,1
20,12,8,15,1,0,0,0,0.728796797,1,9,0.368462853,2,227,1.030054425,7.018693709,8,51,0.465685076,0,0,0,0,1
134,120,14,132,1,0,0,0,0.507532764,2,12.5,0.367511232,0,0,0,6.471417078,1,53,0.477741016,0,0,0,0,1
12,12,0,10,1,0,0,0,0.475970442,1,6,0.281453649,1,9,0.396240631,6.850023491,8,53,0.443324179,0,0.473594371,0,0,1
30,18,12,24,1,0,0,0,0.359113206,3,4,0.101934974,0,0,0,6.485341962,0,45,0.498737269,0,0,0,0,1
16,16,0,12,1,0,0,0,0.386748963,5,4.6,0.107321968,0,0,0,5.664100084,0,50,0.435265909,0,0.446558678,0,0,1
26,26,0,26,1,0,0,0,0.465201456,1,8,0.34375,1,9,0.340685076,6.97619657,0,51,0.421875,0,0.446558678,0,0,1
14,12,2,11,0,0,0,0,0.385631872,1,12,0.364786982,0,0,0,7.052375793,4,57,0.390241016,0,0.502741016,0,0,1
28,28,0,22,1,0,0,0,0.426279104,5,4.6,0.127321969,0,0,0,5.922378572,0,52,0.440241016,1,0,0,0,1
12,12,0,12,1,0,0,0,0.647931894,1,64,0.643497411,0,0,0,-1,-1,53,0.446558678,1,0,0,0,1
34,24,10,32,1,0,0,0,0.42880711,3,7.666666667,0.318469167,0,0,0,-1,-1,50,0.411832948,0,0.539905152,0,0,1
18,18,0,17,1,0,0,0,0.646989154,1,64,0.642539941,0,0,0,4.897187719,3,49,0.457941598,1,0,1,1,1
38,38,0,28,0,0,0,0,0.479207884,1,0,0,1,32,0.458479723,6.63107387,3,51,0.332653274,0,0,0,0,1
8,8,0,8,1,0,0,0,0.689635202,1,9,0.368462853,4,125,1.761410037,7.947740637,0,55,0.404523286,0,0.477611082,0,0,1
48,48,0,44,1,0,0,0,0.540215169,3,9,0.337306289,1,1.333333333,0.083333333,7.560869098,5,53,0.459558236,0,0.446558678,0,0,1
42,42,0,38,1,0,0,0,0.494102441,3,9.666666667,0.343362251,0,0,0,7.235665874,4,52,0.440256903,0,0,1,1,1
10,10,0,7,1,0,0,0,0.375779873,3,4,0.101934974,0,0,0,5.499691592,1,57,0.526120733,0,0,1,1,1
52,40,12,46,1,0,0,0,0.68248474,1,9,0.368462853,4,124,1.759551873,6.938465526,4,53,0.465363416,1,0,0,0,1
22,22,0,21,1,0,0,0,0.675839825,1,9,0.368462853,3,114,1.323355438,7.53534389,5,50,0.466707595,0,0.477611082,0,0,1
8,8,0,8,1,0,0,0,0.696081189,1,9,0.368462853,4,122,1.701410975,7.535541416,5,50,0.474527183,1,0,0,0,1
66,66,0,66,1,0,0,0,0.507351742,1,8,0.34375,1,8,0.375,6.977153608,0,54,0.461090237,0,0.446558678,0,0,1
12,12,0,12,1,0,0,0,0.675363944,1,64,0.671358081,0,0,0,5.000737816,3,50,0.485255639,0,0,0,0,1
2,2,0,2,1,0,0,0,0.281453649,1,5,0.240241012,0,0,0,7.899623048,0,54,0.446553912,0,0,0,0,1
18,18,0,18,1,0,0,0,0.481983206,1,0,0,1,32,0.461428502,6.917048922,2,54,0.375779873,1,0,0,0,1
40,40,0,26,1,0,0,0,0.429649133,5,4.6,0.141096407,0,0,0,5.993693044,0,51,0.424884954,0,0.429108159,0,0,1
32,22,10,18,1,0,0,0,0.388969612,5,4.4,0.122977197,0,0,0,6.477586272,3,50,0.457653264,0,0.452109322,0,0,1
58,58,0,58,1,0,0,0,0.482307322,3,9.666666667,0.369063673,0,0,0,7.563446012,5,50,0.54995967,0,0,1,1,1
28,28,0,27,1,0,0,0,0.312907298,1,8,0.28125,0,0,0,7.556343331,1,51,0.37989357,0,0,1,1,1
2,2,0,2,1,0,0,0,0.531376829,8,7.875,0.319199957,0,0,0,6.333908781,2,54,0.320681034,1,0,0,0,1
2,2,0,2,1,0,0,0,0.531376829,8,7.875,0.319199957,0,0,0,-1,-1,49,0.320681034,1,0,0,0,1
2,2,0,2,1,0,0,0,0.531376829,8,7.875,0.319199957,0,0,0,6.310718411,10,51,0.320681034,1,0,0,0,1
2,2,0,2,1,0,0,0,0.531376829,8,7.875,0.319199957,0,0,0,-1,-1,52,0.320681034,1,0,0,0,1
2,2,0,2,1,0,0,0,0.531376829,8,7.875,0.319199957,0,0,0,6.268149178,5,51,0.320681034,1,0,0,0,1
2,2,0,2,1,0,0,0,0.531376829,8,7.875,0.319199957,0,0,0,6.114033357,4,56,0.320681034,1,0,0,0,1
24,10,14,19,1,0,0,0,0.406453649,1,11,0.386974409,0,0,0,6.224712985,4,49,0.337439226,0,0.442110837,0,0,1
32,26,6,28,1,0,0,0,0.602720783,1,64,0.597579882,0,0,0,7.180905027,2,53,0.378373342,0,0,0,0,1
12,12,0,12,1,0,0,0,0.733753405,1,9,0.368462853,2,227,1.035136023,6.736601791,4,54,0.440205054,0,0,0,0,1
8,8,0,8,1,0,0,0,0.731444946,1,9,0.368462853,1,224,0.725526621,6.266295159,2,53,0.461185623,0,0,0,0,1
24,12,12,21,1,0,0,0,0.53679496,3,19.66666667,0.321133982,0,0,0,6.663609574,2,52,0.485022464,0,0,0,0,1
20,12,8,18,1,0,0,0,0.732659531,1,9,0.368462853,1,224,0.726462628,6.667053401,2,53,0.488670993,0,0.446558678,0,0,1
12,12,0,11,1,0,0,0,0.724934928,1,9,0.368462853,1,224,0.718795495,6.663158081,2,55,0.457941598,0,0.446558678,0,0,1
14,14,0,12,1,0,0,0,0.73219606,1,9,0.368462853,2,227,1.03363378,7.786993485,5,46,0.479573965,0,0,0,0,1
14,14,0,13,1,0,0,0,0.730793195,1,9,0.368462853,2,227,1.032582343,5.194890988,1,50,0.465685076,0,0,0,0,1
10,10,0,9,1,0,0,0,0.734810707,1,9,0.368462853,2,227,1.035170707,6.998437032,4,48,0.465685076,0,0,0,0,1
12,12,0,11,1,0,0,0,0.730462685,1,9,0.368462853,2,227,1.031311233,6.350459736,2,49,0.465685076,0,0,0,0,1
12,12,0,11,1,0,0,0,0.735951441,1,9,0.368462853,2,228,1.065760465,7.19138307,2,52,0.452109322,0,0,0,0,1
18,14,4,17,1,0,0,0,0.734745644,1,9,0.368462853,2,242,1.113507981,6.404328986,6,43,0.448544294,0,0.446558678,0,0,1
12,12,0,11,1,0,0,0,0.732557629,1,9,0.368462853,2,227,1.035773395,6.379725611,2,49,0.465685076,0,0,0,0,1
18,14,4,17,1,0,0,0,0.73955409,1,9,0.368462853,2,239,1.04487222,6.749973848,5,49,0.437942377,0,0.446558678,0,0,1
8,8,0,8,1,0,0,0,0.729511185,1,9,0.368462853,1,224,0.724466282,6.245013808,2,51,0.487258571,0,0.446558678,0,0,1
18,16,2,17,1,0,0,0,0.730401275,1,9,0.368462853,2,227,1.032852921,7.320432278,7,50,0.465685076,0,0,0,0,1
18,14,4,16,1,0,0,0,0.737470565,1,9,0.368462853,2,239,1.041903234,6.723719052,6,51,0.437942377,0,0.446558678,0,0,1
14,14,0,13,1,0,0,0,0.734002889,1,9,0.368462853,2,227,1.036509619,7.799842778,6,49,0.465685076,0,0,0,0,1
18,14,4,17,1,0,0,0,0.731744855,1,9,0.368462853,2,239,1.035563571,6.723719052,6,51,0.437942377,0,0.446558678,0,0,1
8,8,0,8,1,0,0,0,0.732403909,1,9,0.368462853,1,224,0.725754925,7.114834474,1,50,0.496538296,0,0.446558678,0,0,1
12,12,0,11,1,0,0,0,0.731863605,1,9,0.368462853,1,224,0.725452621,6.721977029,2,52,0.432315608,1,0,0,0,1
10,10,0,10,1,0,0,0,0.735117112,1,9,0.368462853,1,224,0.728003902,7.842452492,5,54,0.432315608,1,0,0,0,1
10,10,0,9,1,0,0,0,0.73177624,1,9,0.368462853,1,224,0.724702388,7.842452492,5,54,0.432315608,1,0,0,0,1
18,18,0,17,1,0,0,0,0.730829312,1,9,0.368462853,2,228,1.061076714,5.21265821,4,56,0.452109322,0,0,0,0,1
8,8,0,8,1,0,0,0,0.726827556,1,9,0.368462853,1,224,0.720367614,7.821281695,6,52,0.437907298,0,0.446558678,0,0,1
20,12,8,18,1,0,0,0,0.724358834,1,9,0.368462853,1,224,0.716551257,6.619327827,1,55,0.437907298,0,0.446558678,0,0,1
10,10,0,10,1,0,0,0,0.728154237,1,9,0.368462853,2,228,1.05886889,6.029063651,3,54,0.452109322,0,0,0,1,1
8,8,0,7,1,0,0,0,0.73024025,1,9,0.368462853,2,227,1.029575379,7.207068029,2,56,0.404490774,0,0,0,1,1
14,10,4,13,1,0,0,0,0.728998214,1,9,0.368462853,2,239,1.033227805,6.563616943,1,50,0.483323384,0,0.446558678,0,0,1
10,10,0,9,1,0,0,0,0.726014509,1,9,0.368462853,1,224,0.720626761,7.852776873,6,52,0.460802413,0,0.446558678,0,0,1
10,10,0,9,1,0,0,0,0.732697452,1,9,0.368462853,1,224,0.725238641,7.821010367,6,52,0.458925681,0,0.446558678,0,0,1
10,10,0,9,1,0,0,0,0.727556623,1,9,0.368462853,1,224,0.718954536,7.69282274,5,46,0.433919304,0,0.446558678,0,0,1
10,10,0,9,1,0,0,0,0.72308506,1,9,0.368462853,1,224,0.715825691,7.69282274,5,46,0.471506903,0,0.446558678,0,0,1
10,10,0,9,1,0,0,0,0.725675895,1,9,0.368462853,1,224,0.718839128,7.733682543,5,55,0.441896796,1,0,0,0,1
8,8,0,7,1,0,0,0,0.737140722,1,9,0.368462853,2,228,1.039871983,7.757082251,1,51,0.466815204,0,0,0,0,1
22,10,12,20,1,0,0,0,0.730587515,1,9,0.368462853,2,229,1.084030652,7.746782721,5,49,0.4375,0,0,0,1,1
20,12,8,18,1,0,0,0,0.73037251,1,9,0.368462853,1,224,0.723494354,6.644861462,0,53,0.442933157,0,0.446558678,0,0,1
10,10,0,10,1,0,0,0,0.731019693,1,9,0.368462853,1,224,0.72341882,7.919511021,5,45,0.418304922,1,0,0,0,1
12,12,0,11,1,0,0,0,0.726432322,1,9,0.368462853,2,227,1.027094226,6.794800149,6,51,0.465685076,0,0,0,0,1
12,12,0,11,1,0,0,0,0.730902545,1,9,0.368462853,1,224,0.723642044,6.621144696,1,54,0.470482033,0,0.446558678,0,0,1
10,10,0,10,1,0,0,0,0.730322861,1,9,0.368462853,1,224,0.723177638,7.934038426,6,45,0.47543861,0,0.446558678,0,0,1
14,10,4,12,1,0,0,0,0.735326196,1,9,0.368462853,2,241,1.091498694,6.694580869,4,50,0.375462715,0,0.446558678,0,0,1
14,10,4,13,1,0,0,0,0.733614577,1,9,0.368462853,2,241,1.090500396,6.694580869,4,50,0.375462715,0,0.446558678,0,0,1
14,10,4,12,1,0,0,0,0.736986765,1,9,0.368462853,2,241,1.093532473,6.724034586,4,48,0.375462715,0,0.446558678,0,0,1
10,4,6,9,1,0,0,0,0.483666388,2,13,0.382900539,0,0,0,7.535967756,5,50,0.433464989,1,0,0,0,1
8,2,6,6,1,0,0,0,0.483666388,2,13,0.382900539,0,0,0,7.535967756,5,50,0.433464989,1,0,0,0,1
54,54,0,54,1,0,0,0,0.52008809,3,10.33333333,0.38156939,0,0,0,7.511781347,5,49,0.559130995,0,0,1,1,1
24,24,0,24,1,0,0,0,0.493462853,1,8,0.34375,1,8,0.34375,6.496320641,1,53,0.430925188,0,0.42409341,0,0,1
46,46,0,46,0,0,0,0,0.579674789,1,8,0.34375,8,68,2.90452241,6.814652411,0,51,0.398737269,1,0,0,0,1
34,34,0,34,1,0,0,0,0.46784137,2,16.5,0.221622411,0,0,0,5.480216428,0,56,0.536604723,0,0,0,0,1
18,18,0,18,1,0,0,0,0.470052646,1,0,0,1,32,0.448752282,6.707512991,3,52,0.306163976,0,0.442110837,0,0,1
240,240,0,236,1,0,0,0,0.493462853,1,8,0.34375,1,8,0.34375,6.433316828,0,55,0.469305234,0,0,0,0,1
62,62,0,62,0,0,0,0,0.593885459,1,8,0.34375,9,78,3.304370208,6.811029959,0,49,0.458062193,1,0,0,0,1
32,32,0,26,1,0,0,0,0.404606102,5,4.6,0.127321969,0,0,0,-1,-1,47,0.435215967,0,0.446558678,0,0,1
50,50,0,43,1,0,0,0,0.559892937,3,9,0.373985446,1,1.333333333,0.083333333,7.052535218,1,53,0.470283424,0,0.446558678,0,0,1
52,52,0,49,1,0,0,0,0.515533556,3,12,0.383796307,0,0,0,7.052535218,1,53,0.462933157,0,0,1,1,1
154,154,0,95,1,0,0,0,0.388969612,5,4.4,0.121645534,0,0,0,7.078610459,5,55,0.503373337,1,0,0,0,1
40,40,0,40,1,0,0,0,0.493462853,1,8,0.34375,1,8,0.34375,6.42070651,0,56,0.492933157,1,0,0,0,1
46,46,0,44,1,0,0,0,0.411863286,6,11,0.173587709,0,0,0,6.29946509,0,52,0.389865458,0,0,0,0,1
46,42,4,45,1,0,0,0,0.510620316,2,11,0.380310158,0,0,0,7.256450053,1,52,0.421694665,0,0,0,0,1
58,58,0,52,1,0,0,0,0.382933101,5,4.6,0.117321968,0,0,0,6.230347614,0,53,0.472765286,0,0,0,0,1
28,24,4,23,1,0,0,0,0.678616577,1,9,0.368462853,3,111,1.319739032,6.823975184,8,45,0.472549307,1,0,0,0,1
44,44,0,39,1,0,0,0,0.4058005,5,4.4,0.141185218,0,0,0,6.443096956,0,51,0.451796187,0,0.473594371,0,0,1
4,4,0,3,1,0,0,0,0.453125,2,7,0.292547362,0,0,0,6.569523476,4,53,0.355296365,0,0.442110837,0,0,1
16,14,2,14,1,0,0,0,0.378049682,2,7,0.246591559,0,0,0,5.644077596,2,46,0.398737269,1,0,0,0,1
42,40,2,41,1,0,0,0,0.601237888,1,87,0.596806836,0,0,0,-1,-1,48,0.392446539,1,0,0,0,1
16,16,0,14,1,0,0,0,0.702631095,1,9,0.368462853,4,124,1.702748638,7.643186457,0,53,0.446221731,0,0.446558678,0,0,1
14,14,0,13,1,0,0,0,0.696056105,1,9,0.368462853,4,126,1.746745754,7.643186457,0,53,0.456480144,1,0,0,0,1
66,66,0,56,1,0,0,0,0.486550883,1,9,0.368462853,1,8,0.34375,-1,-1,51,0.532541561,0,0,0,0,1
8,8,0,5,1,0,0,0,0.453125,2,7,0.292547362,0,0,0,6.047839935,5,55,0.306163976,0,0.442110837,0,0,1
12,12,0,12,1,0,0,0,0.590379624,1,8,0.34375,7,62,2.461862622,-1,-1,50,0.42409341,1,0,0,0,1
26,26,0,23,1,0,0,0,0.580823046,1,64,0.575339994,0,0,0,7.830972152,5,50,0.550720579,0,0.465685076,0,0,1
16,16,0,13,1,0,0,0,0.624084186,1,68,0.619400279,0,0,0,7.82897981,5,50,0.528968278,0,0.465685076,0,0,1
16,16,0,14,1,0,0,0,0.593848561,1,67,0.588683071,0,0,0,7.830972152,5,50,0.534210552,0,0.465685076,0,0,1
42,42,0,40,1,0,0,0,0.470419799,1,0,0,1,32,0.449142382,5.729022289,1,54,0.31958208,0,0.433464989,0,0,1
12,12,0,12,1,0,0,0,0.4897033,1,0,0,1,32,0.469631102,6.383538006,4,50,0.26674219,1,0,0,0,1
8,8,0,6,1,0,0,0,0.467575197,3,7,0.324914851,0,0,0,6.613594266,4,53,0.42409341,0,0.462258571,0,0,1
10,10,0,10,1,0,0,0,0.577887376,1,8,0.34375,7,64,2.625861225,-1,-1,48,0.442288825,0,0.446558678,0,0,1
8,8,0,6,1,0,0,0,0.377756903,2,5,0.212852441,0,0,0,6.969402147,5,52,0.319582086,0,0.433464989,0,0,1
84,70,14,73,1,0,0,0,0.34375,1,7,0.315205069,0,0,0,6.840381268,5,54,0.440205054,0,0,0,0,1
46,46,0,39,1,0,0,0,0.61966536,1,138,0.616405291,0,0,0,7.736431332,5,53,0.544885195,0,0.457941598,0,0,1
32,32,0,28,1,0,0,0,0.597432862,1,94,0.593143701,0,0,0,6.960269137,1,57,0.500610781,0,0.431852795,1,0,1
10,10,0,9,1,0,0,0,0.602776111,1,71,0.597881128,0,0,0,7.930834194,1,54,0.385631872,0,0,0,0,1
10,10,0,9,1,0,0,0,0.533739718,13,5.153846154,0.254332912,0,0,0,7.133485543,0,55,0.49040645,0,0,0,0,1
10,10,0,9,1,0,0,0,0.59395884,1,10,0.415241016,5,53,1.912254172,6.404229719,2,54,0.517539941,0,0,0,0,1
16,16,0,13,1,0,0,0,0.58077933,1,10,0.365241016,8,89,3.21145148,6.593018938,7,49,0.467619159,0,0,0,0,1
10,10,0,10,1,0,0,0,0.718111642,1,0,0,6,190,2.999043323,7.873960296,5,50,0.448022969,0,0.446558678,0,0,1
14,14,0,14,1,0,0,0,0.723417763,1,0,0,6,198,3.018243614,6.908192838,3,53,0.500482033,0,0,0,0,1
8,8,0,8,1,0,0,0,0.72672854,1,0,0,6,183,2.947079273,7.902080934,5,53,0.500482033,0,0,0,0,1
8,8,0,7,1,0,0,0,0.72560384,1,9,0.368462853,2,228,1.054431426,6.900303512,5,50,0.481521086,0,0,0,0,1
10,10,0,9,1,0,0,0,0.723077895,1,0,0,6,183,2.893796236,7.903380005,5,51,0.500482033,0,0,0,0,1
20,10,10,19,1,0,0,0,0.716796189,1,0,0,6,192,3.009468174,6.983664502,3,52,0.500482033,0,0,0,0,1
34,30,4,23,1,0,0,0,0.735450133,1,9,0.368462853,2,230,1.109854747,7.253286596,7,50,0.465201456,0,0,0,0,1
10,10,0,9,1,0,0,0,0.718026186,1,0,0,6,192,2.876044408,7.905571755,6,51,0.435871532,0,0.446558678,0,0,1
76,8,68,42,1,0,0,0,0.73408871,1,9,0.368462853,2,227,1.036086322,6.362399284,2,47,0.440205054,0,0,0,0,1
14,10,4,12,1,0,0,0,0.736503006,1,9,0.368462853,2,239,1.041873321,6.516339382,3,45,0.462230735,0,0.446558678,0,0,1
12,8,4,12,1,0,0,0,0.733069672,1,9,0.368462853,2,227,1.036231375,5.448556024,4,47,0.465685076,0,0,0,0,1
22,22,0,15,1,0,0,0,0.34375,1,7,0.315205069,0,0,0,-1,-1,40,0.402741016,0,0.446558678,0,0,1
10,10,0,10,1,0,0,0,0.728516378,1,0,0,6,194,3.022719888,7.828322996,6,48,0.457158531,0,0.446558678,0,0,1
8,8,0,8,1,0,0,0,0.729510153,1,9,0.368462853,2,228,1.059685217,6.718130216,7,49,0.466815204,0,0,0,0,1
10,10,0,9,1,0,0,0,0.721939404,1,0,0,6,193,2.96407122,7.923324169,6,49,0.462439219,0,0.446558678,0,0,1
10,10,0,9,1,0,0,0,0.732491087,1,0,0,6,197,3.062065073,7.839658505,6,49,0.478488724,0,0,0,0,1
8,8,0,8,1,0,0,0,0.731832046,1,9,0.368462853,2,228,1.033573141,7.311889702,1,54,0.422697557,0,0,0,0,1
8,8,0,8,1,0,0,0,0.730803748,1,9,0.368462853,2,227,1.034430539,7.540839365,4,50,0.50768528,0,0,0,0,1
10,8,2,9,1,0,0,0,0.7258262,1,9,0.368462853,2,230,1.10272249,6.519779736,4,53,0.491517245,0,0,0,0,1
14,14,0,10,1,0,0,0,0.728439224,1,9,0.368462853,2,230,1.102722583,7.680667165,5,47,0.460235094,0,0,0,0,1
20,8,12,14,1,0,0,0,0.733065876,1,9,0.368462853,2,230,1.105358713,7.344075259,6,56,0.460235094,0,0,0,0,1
12,12,0,12,1,0,0,0,0.443324179,1,5,0.240241012,1,6,0.323120316,7.777016588,5,49,0.364247133,0,0.455027999,0,0,1
10,10,0,9,1,0,0,0,0.721429734,1,0,0,6,191,3.00751382,7.909068574,5,48,0.446558678,0,0.446558678,0,0,1
10,10,0,9,1,0,0,0,0.734520777,1,0,0,6,183,2.972035595,7.851724221,6,53,0.457941598,0,0.446558678,0,0,1
22,22,0,22,1,0,0,0,0.443324179,1,5,0.240241012,1,6,0.323120316,7.885610507,5,48,0.378373342,0,0,0,0,1
16,16,0,15,1,0,0,0,0.729413149,1,0,0,6,193,3.03419876,7.84348019,5,53,0.401086874,0,0,0,0,1
8,8,0,7,1,0,0,0,0.735328338,1,9,0.368462853,2,228,1.036604732,7.223090283,6,50,0.46126456,0,0,0,0,1
10,10,0,9,1,0,0,0,0.721492781,1,0,0,6,191,2.985704043,7.828247442,5,52,0.456707595,0,0.446558678,0,0,1
10,10,0,9,1,0,0,0,0.727025309,1,0,0,6,187,2.92118976,7.893749224,5,49,0.426805164,0,0.446558678,0,0,1
10,10,0,8,1,0,0,0,0.730734767,1,9,0.368462853,2,228,1.034573649,7.392587503,3,54,0.466815204,0,0,0,0,1
26,26,0,22,1,0,0,0,0.431852795,2,7.5,0.246271939,0,0,0,6.192662902,4,53,0.378373342,0,0,0,0,1
14,10,4,13,1,0,0,0,0.69881276,1,0,0,6,185,3.001997856,6.753006432,2,52,0.428416666,0,0.446558678,0,0,1
12,8,4,11,1,0,0,0,0.705431447,1,0,0,6,193,3.140148006,6.832636127,3,55,0.480482033,0,0.446558678,0,0,1
10,10,0,10,1,0,0,0,0.730887761,1,9,0.368462853,2,227,1.104901114,5.488390873,8,57,0.465685076,0,0,0,0,1
14,10,4,13,1,0,0,0,0.695116462,1,0,0,6,186,3.015001253,6.844351467,2,51,0.435522969,0,0.446558678,0,0,1
8,8,0,8,1,0,0,0,0.730236621,1,9,0.368462853,2,229,1.05881085,5.488390873,8,57,0.440241016,0,0,0,0,1
10,10,0,9,1,0,0,0,0.723228233,1,0,0,6,187,2.960249361,7.853455114,5,49,0.457158531,0,0.446558678,0,0,1
14,10,4,14,1,0,0,0,0.727112714,1,9,0.368462853,1,219,0.720514783,7.145846175,7,54,0.417146913,0,0,0,0,1
16,16,0,16,1,0,0,0,0.443324179,1,5,0.240241012,1,6,0.323120316,-1,-1,51,0.397604111,0,0,0,0,1
16,12,4,15,1,0,0,0,0.710077581,1,0,0,6,177,2.982039894,6.635792726,4,53,0.404862641,0,0.446558678,0,0,1
30,28,2,25,1,0,0,0,0.507070602,3,9,0.331277797,0,0,0,7.837498677,2,50,0.4375,0,0.455027999,0,0,1
10,10,0,10,1,0,0,0,0.726578338,1,9,0.368462853,1,219,0.720070732,5.965149759,3,49,0.496226969,0,0,0,0,1
10,10,0,9,1,0,0,0,0.724248872,1,0,0,6,186,2.941711842,7.896854962,5,51,0.415795047,0,0,0,0,1
26,24,0,20,1,0,0,0,0.40975769,5,4.4,0.129297999,0,0,0,5.587668114,0,53,0.483666388,1,0,0,0,1
20,20,0,19,1,0,0,0,0.684097681,1,9,0.368462853,4,125,1.715403013,7.208326533,5,50,0.478488724,1,0,0,0,1
52,52,0,52,1,0,0,0,0.478359351,1,9,0.368462853,1,8,0.34375,-1,-1,54,0.50768528,0,0.446558678,0,0,1
32,32,0,32,1,0,0,0,0.413411218,6,12.33333333,0.170983075,0,0,0,7.087277268,0,53,0.451796187,0,0,0,0,1
20,16,4,20,1,0,0,0,0.654681462,1,64,0.650352441,0,0,0,5.938469991,1,54,0.352822476,0,0.442110837,0,0,1
28,28,0,28,1,0,0,0,0.479573965,1,8,0.34375,1,8,0.34375,7.652675204,1,52,0.470283424,1,0,0,0,1
62,62,0,56,1,0,0,0,0.407318816,6,11.16666667,0.151596346,0,0,0,7.122630487,0,53,0.455384281,0,0,0,0,1
34,34,0,34,1,0,0,0,0.405143238,6,10,0.158101165,0,0,0,6.742790782,0,48,0.475528661,0,0,1,1,1
44,44,0,44,1,0,0,0,0.700606183,1,9,0.368462853,4,125,1.722461563,7.39428417,5,52,0.505304111,0,0.477611082,0,0,1
52,52,0,47,1,0,0,0,0.55453903,1,8,0.34375,7,62,2.47365774,6.811840622,1,47,0.48115299,0,0.446558678,0,0,1
34,34,0,34,1,0,0,0,0.527741016,1,8,0.34375,1,10,0.415241016,6.727901582,3,52,0.42409341,0,0.446558678,0,0,1
20,20,0,20,1,0,0,0,0.680620655,1,9,0.368462853,3,114,1.386584242,7.287891674,5,49,0.429649136,0,0.431852795,0,0,1
38,34,4,27,1,0,0,0,0.682749506,1,9,0.368462853,3,111,1.322290053,4.034498263,1,59,0.457653264,1,0,0,0,1
1258,1220,38,1016,1,0,0,0,0.465021943,1,12,0.364786982,1,10,0.365241016,6.696319038,5,53,0.500543064,0,0.471506903,0,0,1
48,48,0,48,1,0,0,0,0.582615966,1,12,0.364786982,7,65,2.726586905,6.729069907,0,45,0.471506903,1,0,0,0,1
10,10,0,10,1,0,0,0,0.72808352,1,9,0.368462853,1,219,0.721455032,7.134841525,4,49,0.422697557,0,0,0,0,1
26,12,14,21,1,0,0,0,0.712141495,1,0,0,6,199,3.045562913,6.51843221,3,53,0.502741016,0,0,0,0,1
10,10,0,9,1,0,0,0,0.721458634,1,0,0,6,189,2.941171498,7.846149374,5,49,0.455268731,0,0.446558678,0,0,1
50,10,40,50,1,0,0,0,0.726443234,1,9,0.368462853,1,219,0.720032105,5.882816394,2,55,0.46875,0,0,0,0,1
10,10,0,9,1,0,0,0,0.725012341,1,0,0,6,196,3.037911407,7.844956566,5,46,0.413533859,0,0.446558678,0,0,1
14,10,4,13,1,0,0,0,0.715062186,1,0,0,6,198,3.055312605,6.583632216,2,46,0.404490774,0,0,0,0,1
10,10,0,9,1,0,0,0,0.729425337,1,0,0,6,195,3.021978658,7.860394329,6,47,0.440205054,0,0.446558678,0,0,1
28,10,18,26,1,0,0,0,0.728333226,1,9,0.368462853,1,219,0.720969537,5.540613457,2,56,0.437403439,0,0,0,0,1
10,10,0,9,1,0,0,0,0.70761626,1,0,0,6,196,2.978760324,7.928103435,5,47,0.449308178,0,0.446558678,0,0,1
10,10,0,9,1,0,0,0,0.737164572,1,0,0,6,199,3.078007373,7.928145149,5,50,0.418994135,0,0.446558678,0,0,1
14,14,0,12,1,0,0,0,0.72836625,1,9,0.368462853,1,219,0.721343407,7.117443678,6,47,0.452109322,0,0,0,0,1
10,10,0,9,1,0,0,0,0.721422368,1,0,0,6,194,2.958782474,7.9006312,5,50,0.418994135,0,0.446558678,0,0,1
10,10,0,9,1,0,0,0,0.716969342,1,0,0,6,190,2.940484979,7.902254662,5,48,0.449308178,0,0.446558678,0,0,1
44,30,14,25,1,0,0,1,0.47433169,2,8,0.324295118,0,0,0,7.395315312,8,50,0.339911804,0,0.500227855,0,0,1
16,14,2,13,1,0,0,1,0.47433169,2,8,0.324295118,0,0,0,7.175209168,8,54,0.339911804,0,0.500227855,0,0,1
10,10,0,9,1,0,0,0,0.73211849,1,0,0,6,192,3.05492996,7.912375964,6,48,0.460570104,0,0.446558678,0,0,1
12,10,2,11,1,0,0,0,0.73486977,1,0,0,6,189,3.050594448,7.869969612,5,54,0.528726119,0,0.446558678,0,0,1
22,22,0,15,1,0,0,0,0.728126021,1,9,0.368462853,1,219,0.721370924,6.618415339,2,51,0.451796187,0,0.500482033,0,0,1
44,6,38,43,1,0,0,0,0.727025415,1,9,0.368462853,1,219,0.71965304,6.251378681,2,50,0.465685076,0,0.500482033,0,0,1
8,8,0,8,1,0,0,0,0.725016559,1,9,0.368462853,1,219,0.717383017,5.950473656,3,46,0.465685076,0,0.500482033,0,0,1
14,14,0,11,1,0,0,0,0.723512157,1,9,0.368462853,1,219,0.71719057,6.475010029,2,48,0.46875,0,0.500482033,0,0,1
12,10,2,12,1,0,0,0,0.712064968,1,0,0,6,200,3.074074725,7.811815595,6,46,0.473117702,0,0.42409341,0,0,1
8,8,0,8,1,0,0,0,0.730959131,1,9,0.368462853,1,219,0.725450826,-1,-1,47,0.479573965,0,0.500482033,0,0,1
32,10,22,32,1,0,0,0,0.722101486,1,9,0.368462853,1,219,0.714227459,5.36892347,3,47,0.453125,0,0.500482033,0,0,1
20,8,12,19,1,0,0,0,0.72403741,1,9,0.368462853,1,219,0.716443207,5.36892347,3,47,0.47433169,0,0.500482033,0,0,1
20,10,10,19,1,0,0,0,0.722923955,1,0,0,6,195,3.093247194,7.720024297,2,49,0.446741864,0,0.446558678,0,0,1
10,10,0,10,1,0,0,0,0.727633882,1,9,0.368462853,1,219,0.720632818,3.307812075,0,49,0.410611189,0,0,0,0,1
12,10,2,12,1,0,0,0,0.734487109,1,0,0,6,191,3.055426008,7.808077637,6,47,0.452109322,0,0.446558678,0,0,1
12,12,0,11,1,0,0,0,0.725739061,1,0,0,6,206,3.094981664,7.44129515,6,53,0.501523531,0,0.446558678,0,0,1
30,12,18,28,1,0,0,0,0.728879031,1,0,0,6,193,2.949517967,7.458576576,1,51,0.448022969,0,0.446558678,0,0,1
10,10,0,10,1,0,0,0,0.404490768,1,13,0.385631872,0,0,0,7.840474444,6,49,0.310214313,0,0.460235094,0,0,1
12,10,2,12,1,0,0,0,0.723645442,1,0,0,6,194,3.030518361,7.832398303,6,52,0.452043561,1,0,0,0,1
44,10,34,43,1,0,0,0,0.731224067,1,9,0.368462853,1,219,0.723876835,6.186805007,3,56,0.49738722,0,0,0,0,1
10,10,0,10,1,0,0,0,0.727592034,1,9,0.368462853,1,219,0.721400411,6.054168917,2,48,0.453226824,0,0,0,0,1
48,10,38,47,1,0,0,0,0.723908383,1,9,0.368462853,1,219,0.716904378,6.054168917,2,48,0.472933157,0,0,0,0,1
22,18,4,21,1,0,0,0,0.730563852,1,0,0,6,197,3.048160116,7.392921459,6,50,0.407603515,0,0.446558678,0,0,1
10,10,0,10,1,0,0,0,0.42409341,1,5,0.240241012,1,6,0.281453649,7.147785655,8,50,0.404862641,0,0,0,0,1
14,14,0,14,1,0,0,0,0.450929426,1,30,0.397218401,1,6,0.281453649,7.147785655,8,50,0.404862641,0,0,0,0,1
30,20,10,26,1,0,0,0,0.42409341,1,5,0.240241012,1,6,0.281453649,7.147785655,8,50,0.404862641,0,0,0,0,1
30,20,10,30,1,0,0,0,0.462803244,1,30,0.397218401,1,6,0.323120316,6.101330142,3,50,0.443324179,0,0,0,0,1
10,8,2,10,1,0,0,0,0.72243616,1,0,0,6,200,3.064904449,7.44129515,6,53,0.404887245,0,0.446558678,0,0,1
300,288,12,207,1,0,0,0,0.481983206,1,0,0,1,32,0.461428502,6.921515908,3,52,0.320681034,0,0.442110837,0,0,1
48,48,0,48,1,0,0,0,0.564155262,1,8,0.34375,7,65,2.653351856,6.725882458,1,49,0.457941598,1,0,0,0,1
40,34,6,35,1,0,0,0,0.392446539,2,6.5,0.298329359,0,0,0,6.842828117,4,58,0.415403936,0,0,0,0,1
26,24,2,26,1,0,0,0,0.492933157,2,11.5,0.371807179,0,0,0,6.845342114,7,54,0.452109322,0,0,0,0,1
18,18,0,16,1,0,0,0,0.580734681,1,9,0.368462853,7,60,2.558354487,6.111038775,0,53,0.480027999,1,0,0,0,1
84,82,2,43,1,0,0,0,0.499088588,1,36,0.489922748,0,0,0,7.954411915,1,53,0.529803693,0,0.469158719,1,0,1
24,24,0,16,1,0,0,0,0.385620316,2,5,0.256662692,0,0,0,7.93702231,1,52,0.378373342,0,0.455268731,0,0,1
32,32,0,31,1,0,0,0,0.596948135,1,10,0.415241016,7,92,3.048167837,6.713639312,5,53,0.474386074,0,0,0,0,1
28,28,0,27,1,0,0,0,0.533163052,17,5.470588235,0.253677769,0,0,0,6.713639312,5,53,0.469305234,0,0,0,0,1
32,32,0,31,1,0,0,0,0.535465413,11,5.363636364,0.243687561,0,0,0,6.713639312,5,53,0.485255639,0,0,0,0,1
26,26,0,25,1,0,0,0,0.545401358,11,5.090909091,0.255231676,0,0,0,6.713639312,5,53,0.465241016,0,0,0,0,1
202,192,10,190,1,0,0,0,0.545148533,17,4.764705882,0.237141748,0,0,0,7.065785311,4,56,0.477741016,0,0,0,0,1
30,30,0,29,1,0,0,0,0.603915902,1,66,0.598865459,0,0,0,7.592568269,5,18,0.446553912,0,0,1,1,1
22,22,0,19,1,0,0,0,0.596752897,1,66,0.591593926,0,0,0,6.747713314,1,49,0.422347914,0,0,0,0,1
34,34,0,34,1,0,0,0,0.409701686,1,10,0.390241016,0,0,0,7.913549746,0,52,0.31958208,0,0.438361332,0,0,1
12,12,0,10,1,0,0,0,0.590013372,1,66,0.584752289,0,0,0,5.127900782,0,51,0.390625,0,0,1,1,1
18,14,4,18,1,0,0,0,0.684455565,1,4,0.1875,6,155,2.989490552,6.159867179,3,51,0.526407574,0,0,0,0,1
20,10,10,18,1,0,0,0,0.724962373,1,9,0.368462853,1,219,0.716162237,6.055209046,2,50,0.458536982,0,0,0,0,1
26,20,6,26,1,0,0,0,0.730925918,1,9,0.368462853,1,230,0.726634135,7.120102425,3,52,0.461155809,0,0.446558678,0,0,1
34,22,12,33,1,0,0,0,0.682161098,1,14,0.440205054,6,156,2.956434891,6.489097337,7,53,0.460522969,0,0,0,0,1
140,110,30,102,1,0,0,0,0.691282663,1,9,0.368462853,6,150,2.95987732,7.622277652,1,55,0.452109322,0,0,0,0,1
28,28,0,24,1,0,0,0,0.734188538,1,9,0.368462853,1,230,0.72907674,6.275894567,0,55,0.393304922,0,0,0,0,1
128,106,22,110,1,0,0,0,0.731039242,1,9,0.368462853,1,230,0.726899071,6.068429784,0,56,0.442288825,0,0.446558678,0,0,1
38,12,26,37,1,0,0,0,0.73310554,1,9,0.368462853,1,230,0.727919205,6.151920202,0,56,0.482933157,0,0.446558678,0,0,1
62,36,26,60,1,0,0,0,0.730340131,1,9,0.368462853,1,230,0.725040523,6.068429784,0,56,0.444814803,0,0.446558678,0,0,1
40,14,26,31,1,0,0,0,0.735333146,1,9,0.368462853,1,230,0.730411226,6.099513679,0,55,0.467575197,1,0,0,0,1
78,48,30,70,1,0,0,0,0.73601263,1,9,0.368462853,1,230,0.730677652,6.099513679,0,55,0.467575197,1,0,0,0,1
114,46,68,113,1,0,0,0,0.700018604,1,15,0.455027999,6,158,2.937466046,7.709263667,5,53,0.493462853,0,0,0,0,1
20,10,10,19,1,0,0,0,0.69211286,1,11,0.409701686,7,157,3.369615238,7.740670651,5,50,0.498022969,0,0,0,0,1
154,114,40,154,1,0,0,0,0.695031579,1,10,0.365241016,9,177,4.002689768,7.664957196,5,53,0.520482033,0,0,0,0,1
22,20,2,21,1,0,0,0,0.697622154,1,9,0.396240631,8,170,3.730567659,6.725652581,0,50,0.517105276,0,0,0,0,1
190,120,70,177,1,0,0,0,0.696523977,1,10,0.390241016,5,147,2.517492638,7.66514207,5,53,0.50699477,0,0,0,0,1
8,2,6,6,1,0,0,0,0.512537676,4,9.5,0.353585744,0,0,0,7.542314748,3,54,0.415607849,0,0,0,0,1
72,12,60,40,1,0,0,0,0.585615876,3,12.66666667,0.399088572,5,20.33333333,0.497334842,7.377453426,4,50,0.484958008,0,0,0,0,1
84,72,12,45,1,0,0,0,0.680389354,1,12,0.427286982,7,149,3.176218858,7.759205791,5,51,0.453125,0,0,0,0,1
24,20,4,24,1,0,0,0,0.726141279,1,0,0,7,215,3.536918819,7.897076849,6,48,0.460522969,0,0,0,0,1
24,20,4,23,1,0,0,0,0.713206318,1,0,0,7,217,3.473774103,7.893635056,6,46,0.460011177,1,0,0,0,1
12,10,2,11,1,0,0,0,0.722733963,1,0,0,7,242,3.746517763,7.860787571,6,47,0.432665023,0,0,0,0,1
14,12,2,13,1,0,0,0,0.731578075,1,0,0,7,220,3.44126852,7.864854458,6,47,0.404490774,0,0,0,0,1
14,12,2,13,1,0,0,0,0.722800889,1,0,0,7,217,3.479546938,7.901205651,6,45,0.480482033,0,0.446558678,0,0,1
20,16,4,19,1,0,0,0,0.733300939,1,0,0,7,220,3.437374225,7.897910306,6,48,0.451796187,0,0.446558678,0,0,1
80,64,16,79,1,0,0,0,0.721811908,1,0,0,7,219,3.56003607,7.895934821,6,47,0.471367788,0,0.446558678,0,0,1
4,4,0,3,1,0,0,0,0.386974409,1,10,0.365241016,0,0,0,7.894992147,6,49,0.427422748,0,0.402441031,0,1,1
4,4,0,3,1,0,0,0,0.386974409,1,10,0.365241016,0,0,0,7.901174982,6,44,0.427422748,0,0.402441031,0,1,1
46,46,0,44,1,0,0,0,0.363874028,2,7.5,0.199169017,0,0,0,6.58170012,7,1,0.344179284,0,0.460442801,0,0,1
18,16,2,18,1,0,0,0,0.42409341,1,5,0.240241012,1,6,0.281453649,7.245711704,4,51,0.404862641,0,0,0,0,1
14,12,2,13,1,0,0,0,0.719528083,1,0,0,7,224,3.564945435,7.899015663,6,50,0.466292223,0,0.446558678,0,0,1
22,18,4,21,1,0,0,0,0.720893271,1,0,0,7,239,3.67091796,7.911011878,6,47,0.451796187,0,0.446558678,0,0,1
12,10,2,12,1,0,0,0,0.735535047,1,0,0,7,232,3.576647108,7.911011878,6,47,0.441896796,0,0.446558678,0,0,1
6,4,2,4,1,0,0,0,0.444220369,2,9.5,0.33952888,0,0,0,7.354060525,0,50,0.355668867,0,0,0,0,1
16,14,2,15,1,0,0,0,0.721465087,1,0,0,7,215,3.605546497,7.910989478,6,49,0.452109322,0,0,0,0,1
18,12,6,17,1,0,0,0,0.727699716,1,0,0,7,231,3.583541282,6.777974188,4,47,0.440241016,0,0,0,0,1
16,10,6,15,1,0,0,0,0.721686723,1,0,0,7,222,3.654901149,6.760235291,4,44,0.404862641,0,0,0,0,1
18,12,6,17,1,0,0,0,0.727122092,1,0,0,7,214,3.595644402,6.760235291,4,44,0.364786982,0,0,0,0,1
50,18,32,29,1,0,0,0,0.492051837,4,8,0.333548666,0,0,0,6.259596793,3,53,0.410522969,0,0.477611082,0,0,1
18,12,6,17,1,0,0,0,0.72678339,1,0,0,7,224,3.580777028,7.011036311,2,48,0.422347914,0,0,0,0,1
8,8,0,7,1,0,0,0,0.727563521,1,0,0,7,212,3.417661065,7.81793622,6,44,0.421875,0,0,0,0,1
18,12,6,17,1,0,0,0,0.719130573,1,0,0,7,211,3.403133515,7.031747471,2,49,0.398737269,0,0,0,0,1
12,10,2,11,1,0,0,0,0.719553108,1,0,0,7,226,3.489972366,7.555579849,6,48,0.422347914,0,0,0,0,1
12,10,2,11,1,0,0,0,0.716787173,1,0,0,7,210,3.430416058,7.766898739,2,49,0.421875,0,0,0,0,1
18,12,6,17,1,0,0,0,0.722658134,1,0,0,7,214,3.454874385,6.975675892,3,51,0.397604111,0,0.446558678,0,0,1
16,10,6,15,1,0,0,0,0.724770097,1,0,0,7,215,3.517230433,6.941245368,2,49,0.36203643,0,0,0,0,1
12,10,2,11,1,0,0,0,0.727053112,1,0,0,7,223,3.550648975,7.885756809,6,47,0.432910041,0,0,0,0,1
10,10,0,10,1,0,0,0,0.452109322,1,8,0.34375,1,7,0.350919355,7.891101656,6,50,0.398737269,0,0,0,1,1
18,14,4,17,1,0,0,0,0.50311244,4,10,0.38120707,0,0,0,7.131100355,9,49,0.474683442,0,0.443324179,0,0,1
20,10,10,18,1,0,0,0,0.72025644,1,0,0,7,239,3.746248168,6.055185722,2,49,0.432910041,0,0,0,0,1
4,2,2,3,0,0,1,1,0.378396143,1,10,0.355804922,1,74,0.644637238,7.454126404,0,55,0.413533859,0,0.521058198,0,0,1
4,2,2,3,0,0,1,1,0.378396143,1,10,0.355804922,1,70,0.672357995,7.454126404,0,55,0.400352441,0,0,0,0,1
18,16,2,16,1,0,0,0,0.721884519,1,0,0,7,218,3.561094369,4.559920026,1,53,0.384727441,0,0.446558678,0,0,1
28,14,14,24,1,0,0,0,0.726368653,1,0,0,7,225,3.584404743,2.603155748,1,54,0.428139822,0,0,0,0,1
226,222,4,121,1,0,0,0,0.713757397,1,187,0.71156261,0,0,0,5.196297422,3,52,0.502741016,0,0.446558678,0,0,1
28,10,18,26,1,0,0,0,0.719552802,1,0,0,7,218,3.539388589,6.186814431,1,48,0.453125,0,0,0,0,1
36,14,22,31,1,0,0,0,0.709486946,1,0,0,7,218,3.552585852,3.407461636,1,55,0.452741016,0,0,0,0,1
14,8,6,13,1,0,0,0,0.714281767,1,0,0,7,219,3.523987107,6.924339575,5,53,0.450867095,0,0.446558678,0,0,1
66,20,46,61,1,0,0,0,0.512123349,4,8.25,0.331785188,0,0,0,5.95459296,8,50,0.440205054,0,0.42409341,0,0,1
4,2,2,4,0,0,1,1,0.315205069,1,6,0.281453649,1,66,0.655133463,7.04224631,0,53,0.50319537,0,0.446558678,1,0,1
14,8,6,13,1,0,0,0,0.719681838,1,0,0,7,225,3.612180237,6.987858467,4,49,0.466707595,0,0,0,0,1
16,10,6,15,1,0,0,0,0.725533971,1,0,0,7,222,3.561468804,6.942556074,6,49,0.465733905,0,0.446558678,0,0,1
14,8,6,13,1,0,0,0,0.722656245,1,0,0,7,220,3.527290576,6.977861095,6,50,0.449158719,0,0.446558678,0,0,1
24,10,14,22,1,0,0,0,0.719856882,1,0,0,7,223,3.619921465,3.135046972,1,52,0.457941598,0,0,0,0,1
14,12,2,13,1,0,0,0,0.716879571,1,0,0,7,238,3.74421116,7.915258232,6,52,0.469305234,0,0.446558678,0,0,1
14,8,6,13,1,0,0,0,0.729120756,1,0,0,7,218,3.570452819,7.243197007,3,52,0.478156451,0,0.446558678,0,0,1
14,8,6,13,1,0,0,0,0.728367706,1,0,0,7,225,3.562919242,7.243197007,3,52,0.500283497,0,0.446558678,0,0,1
14,8,6,13,1,0,0,0,0.718323794,1,0,0,7,212,3.48789923,7.048868489,2,52,0.467575197,0,0.446558678,0,0,1
14,8,6,13,1,0,0,0,0.717628537,1,0,0,7,240,3.713254347,7.048868489,2,52,0.46121294,1,0,0,0,1
14,8,6,13,1,0,0,0,0.723770434,1,0,0,7,209,3.454201661,6.128963859,4,49,0.485855276,1,0,0,0,1
6,2,4,5,0,0,1,1,0.368462853,1,8,0.34375,1,66,0.67171469,5.124316094,3,54,0.453510648,0,0,1,1,1
6,2,4,4,0,0,1,1,0.368462853,1,8,0.34375,1,74,0.662733594,7.004767217,1,51,0.435214325,0,0.453125,1,0,1
6,2,4,4,0,0,1,1,0.368462853,1,8,0.34375,1,74,0.670557815,5.124316094,3,54,0.39444562,0,0,1,1,1
6,2,4,4,0,0,1,1,0.368462853,1,8,0.34375,1,80,0.646974476,7.004767217,1,51,0.50699477,0,0,1,0,1
6,2,4,4,0,0,1,1,0.368462853,1,8,0.34375,1,78,0.684258271,5.84672652,1,53,0.375779873,0,0,1,0,1
6,2,4,5,0,0,1,1,0.368462853,1,8,0.34375,1,84,0.666176237,5.84672652,1,53,0.39775071,0,0,1,0,1
2,0,2,2,0,0,1,1,0.368462853,1,8,0.34375,1,74,0.649840483,5.245711383,3,48,0.391339743,0,0,1,1,1
2,0,2,2,0,0,1,1,0.368462853,1,8,0.34375,1,70,0.646707053,5.70388433,1,50,0.452616995,0,0,1,1,1
2,0,2,2,0,0,1,1,0.368462853,1,8,0.34375,1,76,0.645893946,6.080908306,1,53,0.385620316,0,0,1,1,1
6,2,4,6,0,0,1,1,0.368462853,1,8,0.34375,1,70,0.640912212,5.245711383,3,48,0.39964497,0,0.451796187,1,0,1
74,74,0,68,1,0,0,0,0.455027999,2,6.5,0.294180666,0,0,0,-1,-1,50,0.375779873,0,0,1,1,1
6,2,4,4,1,0,1,1,0.390241016,1,9,0.368462853,1,78,0.6874634,5.008858472,2,52,0.378829882,0,0,1,1,1
6,2,4,4,1,0,1,1,0.390241016,1,9,0.368462853,1,78,0.655609156,5.008858472,2,52,0.460235094,0,0.511279233,0,0,1
6,2,4,4,1,0,1,1,0.390241016,1,9,0.368462853,1,80,0.650513012,5.008858472,2,52,0.459770543,0,0,1,1,1
4,2,2,3,1,0,1,1,0.390241016,1,9,0.368462853,1,74,0.662525914,6.201236199,1,51,0.446553912,0,0.486707595,0,0,1
6,2,4,4,1,0,1,1,0.390241016,1,9,0.368462853,1,84,0.676621996,6.201236199,1,51,0.458062193,0,0,1,0,1
6,2,4,4,1,0,1,1,0.390241016,1,9,0.368462853,1,74,0.670389122,5.008858472,2,52,0.431602441,0,0,0,0,1
6,2,4,4,1,0,1,1,0.390241016,1,9,0.368462853,1,80,0.658516386,5.008858472,2,52,0.417146913,0,0,1,1,1
10,10,0,9,1,0,0,0,0.281453649,1,5,0.240241012,0,0,0,-1,-1,43,0.378373342,0,0.541870316,0,0,1
184,164,20,179,1,0,0,0,0.559906661,1,11,0.355668867,2,54,0.874897213,7.425231923,4,54,0.320681034,0,0.450426532,0,0,1
490,490,0,475,1,0,0,0,0.693545318,22,17.22727273,0.392041271,2,1.227272727,0.035089408,5.126470461,1,48,0.444814803,0,0,0,0,1
20,20,0,16,1,0,0,0,0.701874894,1,0,0,2,128,1.290236774,7.4904224,2,55,0.473542649,0,0,0,0,1
